cohort_id	partition	sample_id	subject_id	biosample	group	sex	age	body_site	country	original_disease	treatment_timing	runs	archive_bytes	selection	selection_hash	clinical_status	source_evidence
FENG_AT_2015	discovery	SID531469	SID531469	SAMEA3136739	CRC	Female	45	feces	Austria	Colorectal Carcinoma;Carcinoma	unknown_not_imputed	ERR688649;ERR688502	4238122805	retain_previously_fixed_Feng16	NA	labels_agree_author_curation_final_clinical_review_pending	FengQ_2015_sample.tsv + Thomas2019_author_metadata_only.tsv + PRJEB7774_ena.tsv
FENG_AT_2015	discovery	SID530373	SID530373	SAMEA3136732	CRC	Female	47	feces	Austria	Colorectal Carcinoma;Carcinoma	unknown_not_imputed	ERR688618;ERR688471	4500659830	retain_previously_fixed_Feng16	NA	labels_agree_author_curation_final_clinical_review_pending	FengQ_2015_sample.tsv + Thomas2019_author_metadata_only.tsv + PRJEB7774_ena.tsv
FENG_AT_2015	discovery	SID31866	SID31866	SAMEA3136726	CRC	Female	73	feces	Austria	Colorectal Carcinoma;Hepatic Steatosis;Carcinoma	unknown_not_imputed	ERR688569;ERR688422	5409239258	retain_previously_fixed_Feng16	NA	labels_agree_author_curation_final_clinical_review_pending	FengQ_2015_sample.tsv + Thomas2019_author_metadata_only.tsv + PRJEB7774_ena.tsv
FENG_AT_2015	discovery	SID531361	SID531361	SAMEA3136735	CRC	Female	72	feces	Austria	Colorectal Carcinoma;Hypertension;Carcinoma	unknown_not_imputed	ERR688643;ERR688496	4237037989	retain_previously_fixed_Feng16	NA	labels_agree_author_curation_final_clinical_review_pending	FengQ_2015_sample.tsv + Thomas2019_author_metadata_only.tsv + PRJEB7774_ena.tsv
FENG_AT_2015	discovery	SID531248	SID531248	SAMEA3136757	CRC	Male	79	feces	Austria	Colorectal Carcinoma;Hepatic Steatosis;Hypertension;Carcinoma	unknown_not_imputed	ERR688637;ERR688490	5480123482	retain_previously_fixed_Feng16	NA	labels_agree_author_curation_final_clinical_review_pending	FengQ_2015_sample.tsv + Thomas2019_author_metadata_only.tsv + PRJEB7774_ena.tsv
FENG_AT_2015	discovery	SID31285	SID31285	SAMEA3136754	CRC	Male	84	feces	Austria	Colorectal Carcinoma;Type 2 Diabetes Mellitus;Hepatic Steatosis;Hypertension;Carcinoma	unknown_not_imputed	ERR688527;ERR688380	5368856350	retain_previously_fixed_Feng16	NA	labels_agree_author_curation_final_clinical_review_pending	FengQ_2015_sample.tsv + Thomas2019_author_metadata_only.tsv + PRJEB7774_ena.tsv
FENG_AT_2015	discovery	SID531382	SID531382	SAMEA3136745	CRC	Male	65	feces	Austria	Colorectal Carcinoma;Hypertension;Carcinoma	unknown_not_imputed	ERR688644;ERR688497	4162836932	retain_previously_fixed_Feng16	NA	labels_agree_author_curation_final_clinical_review_pending	FengQ_2015_sample.tsv + Thomas2019_author_metadata_only.tsv + PRJEB7774_ena.tsv
FENG_AT_2015	discovery	SID531277	SID531277	SAMEA3136749	CRC	Male	64	feces	Austria	Colorectal Carcinoma;Hepatic Steatosis;Carcinoma	unknown_not_imputed	ERR688639;ERR688492	4739380341	retain_previously_fixed_Feng16	NA	labels_agree_author_curation_final_clinical_review_pending	FengQ_2015_sample.tsv + Thomas2019_author_metadata_only.tsv + PRJEB7774_ena.tsv
FENG_AT_2015	discovery	SID31160	SID31160	SAMEA3136630	control	Female	67	feces	Austria	Hypertension	unknown_not_imputed	ERR688514;ERR688367	4021792686	retain_previously_fixed_Feng16	NA	labels_agree_author_curation_final_clinical_review_pending	FengQ_2015_sample.tsv + Thomas2019_author_metadata_only.tsv + PRJEB7774_ena.tsv
FENG_AT_2015	discovery	SID530368	SID530368	SAMEA3136643	control	Female	70	feces	Austria	Hypertension	unknown_not_imputed	ERR688617;ERR688470	3556188809	retain_previously_fixed_Feng16	NA	labels_agree_author_curation_final_clinical_review_pending	FengQ_2015_sample.tsv + Thomas2019_author_metadata_only.tsv + PRJEB7774_ena.tsv
FENG_AT_2015	discovery	SID532796	SID532796	SAMEA3178938	control	Female	73	feces	Austria	Hepatic Steatosis;Hypertension	unknown_not_imputed	ERR710428;ERR710419	4210954465	retain_previously_fixed_Feng16	NA	labels_agree_author_curation_final_clinical_review_pending	FengQ_2015_sample.tsv + Thomas2019_author_metadata_only.tsv + PRJEB7774_ena.tsv
FENG_AT_2015	discovery	SID530295	SID530295	SAMEA3136642	control	Female	70	feces	Austria	Healthy	unknown_not_imputed	ERR688610;ERR688463	4835660221	retain_previously_fixed_Feng16	NA	labels_agree_author_curation_final_clinical_review_pending	FengQ_2015_sample.tsv + Thomas2019_author_metadata_only.tsv + PRJEB7774_ena.tsv
FENG_AT_2015	discovery	SID31512	SID31512	SAMEA3136662	control	Male	64	feces	Austria	Hepatic Steatosis	unknown_not_imputed	ERR688550;ERR688403	3923182132	retain_previously_fixed_Feng16	NA	labels_agree_author_curation_final_clinical_review_pending	FengQ_2015_sample.tsv + Thomas2019_author_metadata_only.tsv + PRJEB7774_ena.tsv
FENG_AT_2015	discovery	SID530052	SID530052	SAMEA3136661	control	Male	64	feces	Austria	Hepatic Steatosis	unknown_not_imputed	ERR688591;ERR688444	3542374360	retain_previously_fixed_Feng16	NA	labels_agree_author_curation_final_clinical_review_pending	FengQ_2015_sample.tsv + Thomas2019_author_metadata_only.tsv + PRJEB7774_ena.tsv
FENG_AT_2015	discovery	SID31416	SID31416	SAMEA3136650	control	Male	72	feces	Austria	Type 2 Diabetes Mellitus;Hypertension	unknown_not_imputed	ERR688537;ERR688390	5252385064	retain_previously_fixed_Feng16	NA	labels_agree_author_curation_final_clinical_review_pending	FengQ_2015_sample.tsv + Thomas2019_author_metadata_only.tsv + PRJEB7774_ena.tsv
FENG_AT_2015	discovery	SID31360	SID31360	SAMEA3136664	control	Male	71	feces	Austria	Hypertension	unknown_not_imputed	ERR688533;ERR688386	4402135840	retain_previously_fixed_Feng16	NA	labels_agree_author_curation_final_clinical_review_pending	FengQ_2015_sample.tsv + Thomas2019_author_metadata_only.tsv + PRJEB7774_ena.tsv
YU_CN_2015	discovery	SZAXPI003428-6	SZAXPI003428-6	SAMEA3541488	CRC	Female	58	feces	China	Colorectal Carcinoma;Carcinoma	unknown_not_imputed	ERR1018204	5488748694	hash2_per_group_sex_agebin	0b44231fdbac2d05e42e35c1db043d5f24c7f6ffb4fb5bf8824b3cd00aa538e1	labels_agree_author_curation_final_clinical_review_pending	YuJ_2015_sample.tsv + Thomas2019_author_metadata_only.tsv + PRJEB10878_ena.tsv
YU_CN_2015	discovery	SZAXPI003436-7	SZAXPI003436-7	SAMEA3541496	CRC	Female	61	feces	China	Colorectal Carcinoma;Carcinoma	unknown_not_imputed	ERR1018212	5725823367	hash2_per_group_sex_agebin	4633d5d2c9c8915e5a6cf4aaf2f0e0466650eb380d4d13ad0f1f5cea88f87b96	labels_agree_author_curation_final_clinical_review_pending	YuJ_2015_sample.tsv + Thomas2019_author_metadata_only.tsv + PRJEB10878_ena.tsv
YU_CN_2015	discovery	SZAXPI015213-15	SZAXPI015213-15	SAMEA3541502	CRC	Female	83	feces	China	Colorectal Carcinoma;Carcinoma	unknown_not_imputed	ERR1018218	5450646190	hash2_per_group_sex_agebin	134eb12d7e8eaa0ae3beadcee7c31e6cb62dee658f9f0fbb54f4a558958de3e6	labels_agree_author_curation_final_clinical_review_pending	YuJ_2015_sample.tsv + Thomas2019_author_metadata_only.tsv + PRJEB10878_ena.tsv
YU_CN_2015	discovery	SZAXPI003416-4	SZAXPI003416-4	SAMEA3541476	CRC	Female	73	feces	China	Colorectal Carcinoma;Carcinoma	unknown_not_imputed	ERR1018192	5815902653	hash2_per_group_sex_agebin	1bb444f4d3a5d61724149fd16f3cda7d3461f473605e46a196c781883168db43	labels_agree_author_curation_final_clinical_review_pending	YuJ_2015_sample.tsv + Thomas2019_author_metadata_only.tsv + PRJEB10878_ena.tsv
YU_CN_2015	discovery	SZAXPI017581-93	SZAXPI017581-93	SAMEA3541582	CRC	Male	51	feces	China	Colorectal Carcinoma;Type 2 Diabetes Mellitus	unknown_not_imputed	ERR1018298	3514230203	hash2_per_group_sex_agebin	0396c3341cdbd307f3da6034d0e4b52ded855a7648f729433b29b6645be88659	labels_agree_author_curation_final_clinical_review_pending	YuJ_2015_sample.tsv + Thomas2019_author_metadata_only.tsv + PRJEB10878_ena.tsv
YU_CN_2015	discovery	SZAXPI015210-17	SZAXPI015210-17	SAMEA3541499	CRC	Male	64	feces	China	Colorectal Carcinoma;Carcinoma	unknown_not_imputed	ERR1018215	6410920015	hash2_per_group_sex_agebin	1e354f441c63408f37bfb5dec7618aacb8913b27782d73a7345e17da8976526d	labels_agree_author_curation_final_clinical_review_pending	YuJ_2015_sample.tsv + Thomas2019_author_metadata_only.tsv + PRJEB10878_ena.tsv
YU_CN_2015	discovery	SZAXPI017468-88	SZAXPI017468-88	SAMEA3541580	CRC	Male	76	feces	China	Colorectal Carcinoma;Carcinoma	unknown_not_imputed	ERR1018296	931325263	hash2_per_group_sex_agebin	031bfbcb4f495bfc640261ee69e2cf7eba6c96c765aa8a43e28f9c3123c58a34	labels_agree_author_curation_final_clinical_review_pending	YuJ_2015_sample.tsv + Thomas2019_author_metadata_only.tsv + PRJEB10878_ena.tsv
YU_CN_2015	discovery	SZAXPI015237-23	SZAXPI015237-23	SAMEA3541525	CRC	Male	70	feces	China	Colorectal Carcinoma;Type 2 Diabetes Mellitus	unknown_not_imputed	ERR1018241	5969856845	hash2_per_group_sex_agebin	0577a2a8c55482475cacf40c7bddebf9ff81c1f5b389f58d21c77f41f267d922	labels_agree_author_curation_final_clinical_review_pending	YuJ_2015_sample.tsv + Thomas2019_author_metadata_only.tsv + PRJEB10878_ena.tsv
YU_CN_2015	discovery	SZAXPI015250-39	SZAXPI015250-39	SAMEA3541538	control	Female	64	feces	China	Healthy	unknown_not_imputed	ERR1018254	4969225170	hash2_per_group_sex_agebin	022a2379a394be5892e1274247542491997613a12b4e6837abde4ade69792688	labels_agree_author_curation_final_clinical_review_pending	YuJ_2015_sample.tsv + Thomas2019_author_metadata_only.tsv + PRJEB10878_ena.tsv
YU_CN_2015	discovery	SZAXPI015253-44	SZAXPI015253-44	SAMEA3541541	control	Female	64	feces	China	Healthy	unknown_not_imputed	ERR1018257	5357521026	hash2_per_group_sex_agebin	28d7cbe5462000361539d756f09553acf3878fbdd1be6d931539c62128526390	labels_agree_author_curation_final_clinical_review_pending	YuJ_2015_sample.tsv + Thomas2019_author_metadata_only.tsv + PRJEB10878_ena.tsv
YU_CN_2015	discovery	SZAXPI015269-94	SZAXPI015269-94	SAMEA3541557	control	Female	65	feces	China	Type 2 Diabetes Mellitus	unknown_not_imputed	ERR1018273	5684839583	hash2_per_group_sex_agebin	2822510b569dd2b32ee0407eb4230d55946b8da8e8f1fd3c92761940ac31f635	labels_agree_author_curation_final_clinical_review_pending	YuJ_2015_sample.tsv + Thomas2019_author_metadata_only.tsv + PRJEB10878_ena.tsv
YU_CN_2015	discovery	SZAXPI015232-18	SZAXPI015232-18	SAMEA3541521	control	Female	69	feces	China	Healthy	unknown_not_imputed	ERR1018237	6087986600	hash2_per_group_sex_agebin	2cab1a87456bfc9887a89269fcd1890f66b2c308921a6369c8970a3c7d64458a	labels_agree_author_curation_final_clinical_review_pending	YuJ_2015_sample.tsv + Thomas2019_author_metadata_only.tsv + PRJEB10878_ena.tsv
YU_CN_2015	discovery	SZAXPI015246-34	SZAXPI015246-34	SAMEA3541534	control	Male	58	feces	China	Healthy	unknown_not_imputed	ERR1018250	4229570941	hash2_per_group_sex_agebin	03b7733cf7b273f365a657ffb651a8057c646534d28073631b2d3d83f26e3cb5	labels_agree_author_curation_final_clinical_review_pending	YuJ_2015_sample.tsv + Thomas2019_author_metadata_only.tsv + PRJEB10878_ena.tsv
YU_CN_2015	discovery	SZAXPI015244-32	SZAXPI015244-32	SAMEA3541532	control	Male	52	feces	China	Type 2 Diabetes Mellitus	unknown_not_imputed	ERR1018248	5160557562	hash2_per_group_sex_agebin	100da7e1a042ee2459b3af26a91d072142f898e860d7cc1f343e78637678da11	labels_agree_author_curation_final_clinical_review_pending	YuJ_2015_sample.tsv + Thomas2019_author_metadata_only.tsv + PRJEB10878_ena.tsv
YU_CN_2015	discovery	SZAXPI015268-109	SZAXPI015268-109	SAMEA3541556	control	Male	69	feces	China	Type 2 Diabetes Mellitus	unknown_not_imputed	ERR1018272	5416491980	hash2_per_group_sex_agebin	16de53158a43364a892eb58bbcafa4a0d9f5bcc6391f93c64da7b86bb6f30a63	labels_agree_author_curation_final_clinical_review_pending	YuJ_2015_sample.tsv + Thomas2019_author_metadata_only.tsv + PRJEB10878_ena.tsv
YU_CN_2015	discovery	SZAXPI015212-113	SZAXPI015212-113	SAMEA3541501	control	Male	68	feces	China	Healthy	unknown_not_imputed	ERR1018217	5702950200	hash2_per_group_sex_agebin	40d44aca8ff574572cdd051d59a1f5825a9748c1ce6c045f3ee0904bf9c5a0b7	labels_agree_author_curation_final_clinical_review_pending	YuJ_2015_sample.tsv + Thomas2019_author_metadata_only.tsv + PRJEB10878_ena.tsv
THOMAS_IT_B_2019	discovery	CRC_MR_SBJ61C_17	SBJ61C	SAMN08813930	CRC	Female	56	feces	Italy	Colorectal Carcinoma	unknown_not_imputed	SRR6915125	3924628946	hash2_per_group_sex_agebin	2072fb7ad430d3a5d319769abde0b96298cfda6df043cb73dc2803f76e59d081	labels_agree_author_curation_final_clinical_review_pending	ThomasAM_2019_b_sample.tsv + Thomas2019_author_metadata_only.tsv + PRJNA447983_ena.tsv
THOMAS_IT_B_2019	discovery	CRC_MR_SBJ26C_17	SBJ26C	SAMN08813956	CRC	Female	56	feces	Italy	Colorectal Carcinoma	unknown_not_imputed	SRR6915104	2554786612	hash2_per_group_sex_agebin	816c5ecaf49fe963195af4aca7c8542a2d085ba447abe8e1f5284054ccb76e50	labels_agree_author_curation_final_clinical_review_pending	ThomasAM_2019_b_sample.tsv + Thomas2019_author_metadata_only.tsv + PRJNA447983_ena.tsv
THOMAS_IT_B_2019	discovery	CRC_MR_SBJ52C_17	SBJ52C	SAMN08813921	CRC	Female	66	feces	Italy	Colorectal Carcinoma	unknown_not_imputed	SRR6915129	1987318839	hash2_per_group_sex_agebin	4848170b195e7dfe2f71225a71fbde32c05dc694e0e054eed036aae7061570cd	labels_agree_author_curation_final_clinical_review_pending	ThomasAM_2019_b_sample.tsv + Thomas2019_author_metadata_only.tsv + PRJNA447983_ena.tsv
THOMAS_IT_B_2019	discovery	CRC_MR_SBJ11C_17	SBJ11C	SAMN08813944	CRC	Female	68	feces	Italy	Colorectal Carcinoma	unknown_not_imputed	SRR6915178	3047299941	hash2_per_group_sex_agebin	a71125fa4645be11b660a2bd974f02d2529ec9ca1bb7184a003bf12e666233d5	labels_agree_author_curation_final_clinical_review_pending	ThomasAM_2019_b_sample.tsv + Thomas2019_author_metadata_only.tsv + PRJNA447983_ena.tsv
THOMAS_IT_B_2019	discovery	CRC_MR_SBJ50C_17	SBJ50C	SAMN08813922	CRC	Male	56	feces	Italy	Colorectal Carcinoma	unknown_not_imputed	SRR6915127	3502751025	hash2_per_group_sex_agebin	1e04cb4611c0bb3b7d81fca015a33de896d20b10de805d581a896bedfa8fe7a5	labels_agree_author_curation_final_clinical_review_pending	ThomasAM_2019_b_sample.tsv + Thomas2019_author_metadata_only.tsv + PRJNA447983_ena.tsv
THOMAS_IT_B_2019	discovery	CRC_MR_SBJ02C_17	SBJ02C	SAMN08813945	CRC	Male	51	feces	Italy	Colorectal Carcinoma	unknown_not_imputed	SRR6915183	2726354659	hash2_per_group_sex_agebin	1fe96261a27a057f5ee6d50a843cb9c4ce53584ec8c0ee4bed96517b6ecfa8c8	labels_agree_author_curation_final_clinical_review_pending	ThomasAM_2019_b_sample.tsv + Thomas2019_author_metadata_only.tsv + PRJNA447983_ena.tsv
THOMAS_IT_B_2019	discovery	CRC_MR_SBJ12C_17	SBJ12C	SAMN08813928	CRC	Male	65	feces	Italy	Colorectal Carcinoma	unknown_not_imputed	SRR6915177	2422895392	hash2_per_group_sex_agebin	5faf05e5f4ae46c937564b6aff106ce7d542850540c098168903f194abbba58b	labels_agree_author_curation_final_clinical_review_pending	ThomasAM_2019_b_sample.tsv + Thomas2019_author_metadata_only.tsv + PRJNA447983_ena.tsv
THOMAS_IT_B_2019	discovery	CRC_MR_SBJ49C_17	SBJ49C	SAMN08813942	CRC	Male	69	feces	Italy	Colorectal Carcinoma	unknown_not_imputed	SRR6915128	2978762819	hash2_per_group_sex_agebin	77f9874f8f5a2b309d02ede1b46e7cf186910f332af53faa04786dc72083bdcb	labels_agree_author_curation_final_clinical_review_pending	ThomasAM_2019_b_sample.tsv + Thomas2019_author_metadata_only.tsv + PRJNA447983_ena.tsv
THOMAS_IT_B_2019	discovery	CRC_MR_SBJ37H_17	SBJ37H	SAMN08813927	control	Female	58	feces	Italy	Healthy	unknown_not_imputed	SRR6915148	647854066	hash2_per_group_sex_agebin	45b3b5fb77350f7676b04c199bf1563d0ace232370e77ea39b877b3e99d3c2cd	labels_agree_author_curation_final_clinical_review_pending	ThomasAM_2019_b_sample.tsv + Thomas2019_author_metadata_only.tsv + PRJNA447983_ena.tsv
THOMAS_IT_B_2019	discovery	CRC_MR_SBJ77H_17	SBJ77H	SAMN08813939	control	Female	64	feces	Italy	Healthy	unknown_not_imputed	SRR6915168	1741985461	hash2_per_group_sex_agebin	70a80c58ca3e7c98cf64d9b8df3e35767be6d37dae40ff105b6138abb5dc00b9	labels_agree_author_curation_final_clinical_review_pending	ThomasAM_2019_b_sample.tsv + Thomas2019_author_metadata_only.tsv + PRJNA447983_ena.tsv
THOMAS_IT_B_2019	discovery	CRC_MR_SBJ82H_17	SBJ82H	SAMN08813972	control	Female	69	feces	Italy	Healthy	unknown_not_imputed	SRR6915171	2376825959	hash2_per_group_sex_agebin	128118d7db916ababb732beff9e83747bb6169464ef4a672de252e40db913dda	labels_agree_author_curation_final_clinical_review_pending	ThomasAM_2019_b_sample.tsv + Thomas2019_author_metadata_only.tsv + PRJNA447983_ena.tsv
THOMAS_IT_B_2019	discovery	CRC_MR_SBJ21H_17	SBJ21H	SAMN08813963	control	Female	67	feces	Italy	Healthy	unknown_not_imputed	SRR6915108	2257037642	hash2_per_group_sex_agebin	24332963d6b893c823231c5f23c37ccc64258fae249269810f3ce819ba11ca1c	labels_agree_author_curation_final_clinical_review_pending	ThomasAM_2019_b_sample.tsv + Thomas2019_author_metadata_only.tsv + PRJNA447983_ena.tsv
THOMAS_IT_B_2019	discovery	CRC_MR_SBJ84H_17	SBJ84H	SAMN08813969	control	Male	41	feces	Italy	Healthy	unknown_not_imputed	SRR6915175	2444386605	hash2_per_group_sex_agebin	1c85aeb5979e491f24513a358cda6d1e1fe44e84fa07002abc5381e3bbe517d3	labels_agree_author_curation_final_clinical_review_pending	ThomasAM_2019_b_sample.tsv + Thomas2019_author_metadata_only.tsv + PRJNA447983_ena.tsv
THOMAS_IT_B_2019	discovery	CRC_MR_SBJ78H_17	SBJ78H	SAMN08813932	control	Male	54	feces	Italy	Healthy	unknown_not_imputed	SRR6915167	1481626145	hash2_per_group_sex_agebin	2d37716addc278af41fb9a4c5b3d7127ac1f36d7e8811e7fb98093c269769c3a	labels_agree_author_curation_final_clinical_review_pending	ThomasAM_2019_b_sample.tsv + Thomas2019_author_metadata_only.tsv + PRJNA447983_ena.tsv
THOMAS_IT_B_2019	discovery	CRC_MR_SBJ79H_17	SBJ79H	SAMN08813977	control	Male	67	feces	Italy	Healthy	unknown_not_imputed	SRR6915174	2213599754	hash2_per_group_sex_agebin	378d126ac14b19554d96f4b1af66ea504fce23b1ee94f4c79df5d2b900f25083	labels_agree_author_curation_final_clinical_review_pending	ThomasAM_2019_b_sample.tsv + Thomas2019_author_metadata_only.tsv + PRJNA447983_ena.tsv
THOMAS_IT_B_2019	discovery	CRC_MR_SBJ46H_17	SBJ46H	SAMN08813979	control	Male	66	feces	Italy	Healthy	unknown_not_imputed	SRR6915134	2869235628	hash2_per_group_sex_agebin	60c470df1187bfec68af53dace3ae7606eb8b383effe75fa72f673963ade2f23	labels_agree_author_curation_final_clinical_review_pending	ThomasAM_2019_b_sample.tsv + Thomas2019_author_metadata_only.tsv + PRJNA447983_ena.tsv
