historical_figure_source_path	canonical_table	bytes	sha256
pilot10/figures/source_data/Fig02_direct_pairs.tsv	pilot10/G_M_sequence_matches.tsv	257866	a3b22260db4447e02a13bf1c6a5c107c574cabc5c50e6f036205e937dc58d805
pilot10/extended_figures/source_data/Fig06_occurrence_evidence.tsv	pilot10/prophage_evidence/occurrence_evidence.tsv	13632669	c553a36b4ccf7fd341ef7baa79b5212a507d2892b643fa6fbee16c8db0c8d767
postpilot_diagnostics/07_figures/source_data/donor_species.tsv	postpilot_diagnostics/03_host_profile/donor_species.tsv	836120	0b0c4f148daeecf597dbf76ca6ff25795d12f919134c9e3b0084962eac1d3787
postpilot_diagnostics/07_figures/source_data/ambiguity_fragment_classes.tsv	postpilot_diagnostics/04_measurement_audit/ambiguity_fragment_classes.tsv	8663	c34214339400a0905e08e7465820a1226ca3c38d904718fdc223efe5b86e728e
postpilot_diagnostics/07_figures/source_data/threshold_summary.tsv	postpilot_diagnostics/04_measurement_audit/threshold_summary.tsv	570	e41cc3a9a917efe025c36cb324d0bf7d23027847aeced1c197cd71be129a73e8
postpilot_diagnostics/07_figures/source_data/coverage_bins.tsv	postpilot_diagnostics/05_replication_activity/coverage_bins.tsv	4494687	bbb2384b0bae6631cb238957004dd17d0b86816f02085610f62ca91fa0b861b4
postpilot_diagnostics/07_figures/source_data/locus_diagnostics.tsv	postpilot_diagnostics/05_replication_activity/locus_diagnostics.tsv	184267	b6aa893d6df383cf4bf081006ad040535f6b79fbce570fb92acb37647106eccb
postpilot_diagnostics/07_figures/source_data/calibration_results.tsv	postpilot_diagnostics/04_measurement_audit/technical_calibration/calibration_results.tsv	3925	0aa6a1bf9913d1b33c18caed546af51d8fd00e2e7b021e6f0f3c0e966c864ed9
postpilot_diagnostics/07_figures/source_data/selected_technical_examples.tsv	postpilot_diagnostics/04_measurement_audit/technical_calibration/selected_technical_examples.tsv	954	58628aad86e6eed9e3bd5bb3afd9e79bff1b0349e0939d8f6057d7bb6e44ba91
