run_accession	study_accession	sample_accession	secondary_sample_accession	sample_alias	experiment_accession	library_name	library_layout	library_strategy	library_source	instrument_platform	instrument_model	read_count	base_count	fastq_ftp	fastq_md5	fastq_bytes	sra_ftp	sample_title
SRR6915092	PRJNA447983	SAMN08814053	SRS3104972	VF10	SRX3862918	VF10	PAIRED	WGS	METAGENOMIC	ILLUMINA	Illumina HiSeq 2500	14375831	2856227022	ftp.sra.ebi.ac.uk/vol1/fastq/SRR691/002/SRR6915092/SRR6915092_1.fastq.gz;ftp.sra.ebi.ac.uk/vol1/fastq/SRR691/002/SRR6915092/SRR6915092_2.fastq.gz	8d91975f958164e0245afc8e47312c62;c406d3e8b54d1a163c532d742b41e4b5	942900607;947832301		MIMS Environmental/Metagenome sample from human gut metagenome
SRR6915098	PRJNA447983	SAMN08814033	SRS3104966	VF208	SRX3862912	VF208	PAIRED	WGS	METAGENOMIC	ILLUMINA	Illumina HiSeq 2500	47400333	9415204354	ftp.sra.ebi.ac.uk/vol1/fastq/SRR691/008/SRR6915098/SRR6915098_1.fastq.gz;ftp.sra.ebi.ac.uk/vol1/fastq/SRR691/008/SRR6915098/SRR6915098_2.fastq.gz	ac21c457d209cc56315eb0cb09cf3e51;0c291d2a68b303f6f62e149e80372a04	3028360564;3088809852		MIMS Environmental/Metagenome sample from human gut metagenome
SRR6915104	PRJNA447983	SAMN08813956	SRS3104960	SBJ26C	SRX3862906	SBJ26C	PAIRED	WGS	METAGENOMIC	ILLUMINA	Illumina HiSeq 2500	19929853	3954423129	ftp.sra.ebi.ac.uk/vol1/fastq/SRR691/004/SRR6915104/SRR6915104_1.fastq.gz;ftp.sra.ebi.ac.uk/vol1/fastq/SRR691/004/SRR6915104/SRR6915104_2.fastq.gz	525d6c7b8dd318238be088c564e79558;006624ba5027a8a29040ff94235e75b3	1280180041;1274606571		MIMS Environmental/Metagenome sample from human gut metagenome
SRR6915105	PRJNA447983	SAMN08813975	SRS3104959	SBJ25C	SRX3862905	SBJ25C	PAIRED	WGS	METAGENOMIC	ILLUMINA	Illumina HiSeq 2500	15169898	3006599760	ftp.sra.ebi.ac.uk/vol1/fastq/SRR691/005/SRR6915105/SRR6915105_1.fastq.gz;ftp.sra.ebi.ac.uk/vol1/fastq/SRR691/005/SRR6915105/SRR6915105_2.fastq.gz	ad6eb1996bf479329f52b2fd002fdac7;ab9a5997446162409e341c94200ceb22	999766849;973117586		MIMS Environmental/Metagenome sample from human gut metagenome
SRR6915109	PRJNA447983	SAMN08813954	SRS3104955	SBJ20C	SRX3862901	SBJ20C	PAIRED	WGS	METAGENOMIC	ILLUMINA	Illumina HiSeq 2500	31279186	6221628252	ftp.sra.ebi.ac.uk/vol1/fastq/SRR691/009/SRR6915109/SRR6915109_1.fastq.gz;ftp.sra.ebi.ac.uk/vol1/fastq/SRR691/009/SRR6915109/SRR6915109_2.fastq.gz	be0bc88f2f20f8f17f0f7a5f7d7909cf;72ca54afe5458832e77ed7b407f19b2f	2039654019;2040061217		MIMS Environmental/Metagenome sample from human gut metagenome
SRR6915110	PRJNA447983	SAMN08813964	SRS3104951	SBJ18H	SRX3862900	SBJ18H	PAIRED	WGS	METAGENOMIC	ILLUMINA	Illumina HiSeq 2500	13249683	2634209575	ftp.sra.ebi.ac.uk/vol1/fastq/SRR691/000/SRR6915110/SRR6915110_1.fastq.gz;ftp.sra.ebi.ac.uk/vol1/fastq/SRR691/000/SRR6915110/SRR6915110_2.fastq.gz	b5789372c64b609d813a6e683e6a82bb;483d3e8ce24c82789bf5b895b4234ee2	856905620;856151598		MIMS Environmental/Metagenome sample from human gut metagenome
SRR6915112	PRJNA447983	SAMN08813923	SRS3104954	SBJ16H	SRX3862898	SBJ16H	PAIRED	WGS	METAGENOMIC	ILLUMINA	Illumina HiSeq 2500	21283739	4232924418	ftp.sra.ebi.ac.uk/vol1/fastq/SRR691/002/SRR6915112/SRR6915112_1.fastq.gz;ftp.sra.ebi.ac.uk/vol1/fastq/SRR691/002/SRR6915112/SRR6915112_2.fastq.gz	3b0f25406c64d1478b8efd6b132b7007;86846b6a0e2b0cf75b4720973559e01a	1381285227;1376384889		MIMS Environmental/Metagenome sample from human gut metagenome
SRR6915113	PRJNA447983	SAMN08814055	SRS3104952	VF171	SRX3862897	VF171	PAIRED	WGS	METAGENOMIC	ILLUMINA	Illumina HiSeq 2500	64334812	12792394056	ftp.sra.ebi.ac.uk/vol1/fastq/SRR691/003/SRR6915113/SRR6915113_1.fastq.gz;ftp.sra.ebi.ac.uk/vol1/fastq/SRR691/003/SRR6915113/SRR6915113_2.fastq.gz	60b91b4cc77071c02574ccf9a864d194;110e3ee17b4434e9df914f81c0e6ed4b	4180363532;4189181728		MIMS Environmental/Metagenome sample from human gut metagenome
SRR6915114	PRJNA447983	SAMN08813943	SRS3104948	SBJ69H	SRX3862896	SBJ69H	PAIRED	WGS	METAGENOMIC	ILLUMINA	Illumina HiSeq 2500	16002641	3181709591	ftp.sra.ebi.ac.uk/vol1/fastq/SRR691/004/SRR6915114/SRR6915114_1.fastq.gz;ftp.sra.ebi.ac.uk/vol1/fastq/SRR691/004/SRR6915114/SRR6915114_2.fastq.gz	0ca445489b235836ed0b7cefdaa8e766;a7fdbccb19a27f31c6ae2816adc31012	1048728602;1058580181		MIMS Environmental/Metagenome sample from human gut metagenome
SRR6915118	PRJNA447983	SAMN08814035	SRS3104947	VF172	SRX3862892	VF172	PAIRED	WGS	METAGENOMIC	ILLUMINA	Illumina HiSeq 2500	24297397	4833830559	ftp.sra.ebi.ac.uk/vol1/fastq/SRR691/008/SRR6915118/SRR6915118_1.fastq.gz;ftp.sra.ebi.ac.uk/vol1/fastq/SRR691/008/SRR6915118/SRR6915118_2.fastq.gz	bbc0a1f853f574b727b23b06f7ef028d;3275d4f9c80aecb25d38412bf5618fd9	1564268988;1592454954		MIMS Environmental/Metagenome sample from human gut metagenome
SRR6915121	PRJNA447983	SAMN08814057	SRS3104943	VF189	SRX3862889	VF189	PAIRED	WGS	METAGENOMIC	ILLUMINA	Illumina HiSeq 2500	37835246	7513810634	ftp.sra.ebi.ac.uk/vol1/fastq/SRR691/001/SRR6915121/SRR6915121_1.fastq.gz;ftp.sra.ebi.ac.uk/vol1/fastq/SRR691/001/SRR6915121/SRR6915121_2.fastq.gz	e076a3b6d98eee275b86a24be8a07979;babf1e19833d5882555e999982f96ca6	2496158600;2521951853		MIMS Environmental/Metagenome sample from human gut metagenome
SRR6915128	PRJNA447983	SAMN08813942	SRS3104938	SBJ49C	SRX3862882	SBJ49C	PAIRED	WGS	METAGENOMIC	ILLUMINA	Illumina HiSeq 2500	22411531	4452392988	ftp.sra.ebi.ac.uk/vol1/fastq/SRR691/008/SRR6915128/SRR6915128_1.fastq.gz;ftp.sra.ebi.ac.uk/vol1/fastq/SRR691/008/SRR6915128/SRR6915128_2.fastq.gz	acef635136c1d9c3d312c349d166065e;06d431d917ff05704cd4f2b0f923a9fe	1472763675;1505999144		MIMS Environmental/Metagenome sample from human gut metagenome
SRR6915135	PRJNA447983	SAMN08813960	SRS3104929	SBJ55C	SRX3862875	SBJ55C	PAIRED	WGS	METAGENOMIC	ILLUMINA	Illumina HiSeq 2500	16918618	3358393294	ftp.sra.ebi.ac.uk/vol1/fastq/SRR691/005/SRR6915135/SRR6915135_1.fastq.gz;ftp.sra.ebi.ac.uk/vol1/fastq/SRR691/005/SRR6915135/SRR6915135_2.fastq.gz	76d6aef4142f005dda1fc211b900b044;db732afdc51df8075f969587dc99961b	1099119095;1113035277		MIMS Environmental/Metagenome sample from human gut metagenome
SRR6915138	PRJNA447983	SAMN08814018	SRS3104926	VF66	SRX3862872	VF66	PAIRED	WGS	METAGENOMIC	ILLUMINA	Illumina HiSeq 2500	16579820	3299268964	ftp.sra.ebi.ac.uk/vol1/fastq/SRR691/008/SRR6915138/SRR6915138_1.fastq.gz;ftp.sra.ebi.ac.uk/vol1/fastq/SRR691/008/SRR6915138/SRR6915138_2.fastq.gz	985d8b83261e727bdea2e612680642c3;42c33e38df3283f95e993b0c056e38dc	1061273018;1078995561		MIMS Environmental/Metagenome sample from human gut metagenome
SRR6915142	PRJNA447983	SAMN08814016	SRS3104932	VF60	SRX3862868	VF60	PAIRED	WGS	METAGENOMIC	ILLUMINA	Illumina HiSeq 2500	18001421	3582865378	ftp.sra.ebi.ac.uk/vol1/fastq/SRR691/002/SRR6915142/SRR6915142_1.fastq.gz;ftp.sra.ebi.ac.uk/vol1/fastq/SRR691/002/SRR6915142/SRR6915142_2.fastq.gz	548beea40e18b066c4a8059b364f61a8;8b9867a2f75c69a274b547f7f76baa52	1155569657;1167680133		MIMS Environmental/Metagenome sample from human gut metagenome
SRR6915159	PRJNA447983	SAMN08814022	SRS3104906	VF73	SRX3862851	VF73	PAIRED	WGS	METAGENOMIC	ILLUMINA	Illumina HiSeq 2500	14330873	2842274382	ftp.sra.ebi.ac.uk/vol1/fastq/SRR691/009/SRR6915159/SRR6915159_1.fastq.gz;ftp.sra.ebi.ac.uk/vol1/fastq/SRR691/009/SRR6915159/SRR6915159_2.fastq.gz	e34bb264fa25bf75ea1b45cb90705107;6dcd8e17772331fd3cc8711c01ad002f	919915713;925836850		MIMS Environmental/Metagenome sample from human gut metagenome
SRR6915162	PRJNA447983	SAMN08814019	SRS3104903	VF69	SRX3862848	VF69	PAIRED	WGS	METAGENOMIC	ILLUMINA	Illumina HiSeq 2500	28356557	5632484294	ftp.sra.ebi.ac.uk/vol1/fastq/SRR691/002/SRR6915162/SRR6915162_1.fastq.gz;ftp.sra.ebi.ac.uk/vol1/fastq/SRR691/002/SRR6915162/SRR6915162_2.fastq.gz	75be186176112d1a2fb6b517dc78a437;bd8357e90c72ded640f46e24d8c8d046	1824873684;1839535413		MIMS Environmental/Metagenome sample from human gut metagenome
SRR6915169	PRJNA447983	SAMN08813926	SRS3104896	SBJ75H	SRX3862841	SBJ75H	PAIRED	WGS	METAGENOMIC	ILLUMINA	Illumina HiSeq 2500	11396313	2264379075	ftp.sra.ebi.ac.uk/vol1/fastq/SRR691/009/SRR6915169/SRR6915169_1.fastq.gz;ftp.sra.ebi.ac.uk/vol1/fastq/SRR691/009/SRR6915169/SRR6915169_2.fastq.gz	84ec45ea07c41f8238afa1c97cfa834f;241705ff10970940762fa139f43ba469	750665952;754944720		MIMS Environmental/Metagenome sample from human gut metagenome
SRR6915173	PRJNA447983	SAMN08813962	SRS3104892	SBJ80H	SRX3862837	SBJ80H	PAIRED	WGS	METAGENOMIC	ILLUMINA	Illumina HiSeq 2500	12408669	2466568920	ftp.sra.ebi.ac.uk/vol1/fastq/SRR691/003/SRR6915173/SRR6915173_1.fastq.gz;ftp.sra.ebi.ac.uk/vol1/fastq/SRR691/003/SRR6915173/SRR6915173_2.fastq.gz	45c4aeef6fc92128d754eea123666ef1;6b573bdeeff0c3b4698c5ed0b8848c78	814131247;817708494		MIMS Environmental/Metagenome sample from human gut metagenome
SRR6915179	PRJNA447983	SAMN08813966	SRS3104886	SBJ06C	SRX3862831	SBJ06C	PAIRED	WGS	METAGENOMIC	ILLUMINA	Illumina HiSeq 2500	29208135	5776048618	ftp.sra.ebi.ac.uk/vol1/fastq/SRR691/009/SRR6915179/SRR6915179_1.fastq.gz;ftp.sra.ebi.ac.uk/vol1/fastq/SRR691/009/SRR6915179/SRR6915179_2.fastq.gz	72476d44f94b59829c16569c9ff96d3b;e23de7b28d5609b8182a4a0cdfab45c5	1848980704;1868487484		MIMS Environmental/Metagenome sample from human gut metagenome
SRR6915182	PRJNA447983	SAMN08813958	SRS3104882	SBJ07C	SRX3862828	SBJ07C	PAIRED	WGS	METAGENOMIC	ILLUMINA	Illumina HiSeq 2500	29232742	5789596185	ftp.sra.ebi.ac.uk/vol1/fastq/SRR691/002/SRR6915182/SRR6915182_1.fastq.gz;ftp.sra.ebi.ac.uk/vol1/fastq/SRR691/002/SRR6915182/SRR6915182_2.fastq.gz	cfc7d3f4232a193ca36e80aed0b2fa9e;5de5070e58c661115242aaefe0737c55	1866027145;1895767069		MIMS Environmental/Metagenome sample from human gut metagenome
SRR6915192	PRJNA447983	SAMN08814047	SRS3104873	VF262	SRX3862818	VF262	PAIRED	WGS	METAGENOMIC	ILLUMINA	Illumina HiSeq 2500	28354812	5636441101	ftp.sra.ebi.ac.uk/vol1/fastq/SRR691/002/SRR6915192/SRR6915192_1.fastq.gz;ftp.sra.ebi.ac.uk/vol1/fastq/SRR691/002/SRR6915192/SRR6915192_2.fastq.gz	10166c2bee7d9416e0540921744731cb;7e24d6ea13145ad80f2cfc29bfdbfadc	1831904448;1859980877		MIMS Environmental/Metagenome sample from human gut metagenome
SRR6915197	PRJNA447983	SAMN08813953	SRS3104868	SBJ67H	SRX3862813	SBJ67H	PAIRED	WGS	METAGENOMIC	ILLUMINA	Illumina HiSeq 2500	19375583	3849125332	ftp.sra.ebi.ac.uk/vol1/fastq/SRR691/007/SRR6915197/SRR6915197_1.fastq.gz;ftp.sra.ebi.ac.uk/vol1/fastq/SRR691/007/SRR6915197/SRR6915197_2.fastq.gz	d53de5dde47170f144a5f639045aca7f;3932da5d8c06045456bf39bca3812b24	1277407722;1287454981		MIMS Environmental/Metagenome sample from human gut metagenome
SRR6915202	PRJNA447983	SAMN08814050	SRS3104863	VF279	SRX3862808	VF279	PAIRED	WGS	METAGENOMIC	ILLUMINA	Illumina HiSeq 2500	38260125	7612013260	ftp.sra.ebi.ac.uk/vol1/fastq/SRR691/002/SRR6915202/SRR6915202_1.fastq.gz;ftp.sra.ebi.ac.uk/vol1/fastq/SRR691/002/SRR6915202/SRR6915202_2.fastq.gz	d532f9949899476a17504c294880f1e1;b68cc809fa5380c1ead1409d1b7a927a	2445689244;2473150813		MIMS Environmental/Metagenome sample from human gut metagenome
SRR6915203	PRJNA447983	SAMN08814052	SRS3104862	VF301	SRX3862807	VF301	PAIRED	WGS	METAGENOMIC	ILLUMINA	Illumina HiSeq 2500	11481990	2282261877	ftp.sra.ebi.ac.uk/vol1/fastq/SRR691/003/SRR6915203/SRR6915203_1.fastq.gz;ftp.sra.ebi.ac.uk/vol1/fastq/SRR691/003/SRR6915203/SRR6915203_2.fastq.gz	1c89b19aa0c798361e12ed1077b64c7b;d85e44eba0c54b3fac0bc29cccd81905	763363159;751503439		MIMS Environmental/Metagenome sample from human gut metagenome
SRR6915204	PRJNA447983	SAMN08814004	SRS3104860	VF30	SRX3862806	VF30	PAIRED	WGS	METAGENOMIC	ILLUMINA	Illumina HiSeq 2500	27920613	5541440379	ftp.sra.ebi.ac.uk/vol1/fastq/SRR691/004/SRR6915204/SRR6915204_1.fastq.gz;ftp.sra.ebi.ac.uk/vol1/fastq/SRR691/004/SRR6915204/SRR6915204_2.fastq.gz	78f49f7a7774d18a5ebda5f6fbdefb61;892c6918fdb4e3858cf6e3dc47c3a1be	1815765008;1844987798		MIMS Environmental/Metagenome sample from human gut metagenome
SRR6915206	PRJNA447983	SAMN08814005	SRS3104859	VF31	SRX3862804	VF31	PAIRED	WGS	METAGENOMIC	ILLUMINA	Illumina HiSeq 2500	18064109	3587512037	ftp.sra.ebi.ac.uk/vol1/fastq/SRR691/006/SRR6915206/SRR6915206_1.fastq.gz;ftp.sra.ebi.ac.uk/vol1/fastq/SRR691/006/SRR6915206/SRR6915206_2.fastq.gz	5aeb2ad24c7b41e66d11449c255f3fb0;bd89dd40e6a593e980b341a8225a8165	1175719348;1205647003		MIMS Environmental/Metagenome sample from human gut metagenome
SRR6915207	PRJNA447983	SAMN08814058	SRS3104858	VF28	SRX3862803	VF28	PAIRED	WGS	METAGENOMIC	ILLUMINA	Illumina HiSeq 2500	53029256	10549012275	ftp.sra.ebi.ac.uk/vol1/fastq/SRR691/007/SRR6915207/SRR6915207_1.fastq.gz;ftp.sra.ebi.ac.uk/vol1/fastq/SRR691/007/SRR6915207/SRR6915207_2.fastq.gz	394ffec7b1e32d8058fb791b91459bce;9423523e655aa1fcbc88cc7534526515	3443292816;3440388625		MIMS Environmental/Metagenome sample from human gut metagenome
SRR6915215	PRJNA447983	SAMN08814008	SRS3104851	VF37	SRX3862795	VF37	PAIRED	WGS	METAGENOMIC	ILLUMINA	Illumina HiSeq 2500	46229969	9177119226	ftp.sra.ebi.ac.uk/vol1/fastq/SRR691/005/SRR6915215/SRR6915215_1.fastq.gz;ftp.sra.ebi.ac.uk/vol1/fastq/SRR691/005/SRR6915215/SRR6915215_2.fastq.gz	81a951512967372a125b9d8d2ac3e683;46e17c08054f16b3a80da9d8f9a5dd4b	2959331827;2985454358		MIMS Environmental/Metagenome sample from human gut metagenome
SRR6915219	PRJNA447983	SAMN08813997	SRS3104845	VF154	SRX3862791	VF154	PAIRED	WGS	METAGENOMIC	ILLUMINA	Illumina HiSeq 2500	21754861	4312690198	ftp.sra.ebi.ac.uk/vol1/fastq/SRR691/009/SRR6915219/SRR6915219_1.fastq.gz;ftp.sra.ebi.ac.uk/vol1/fastq/SRR691/009/SRR6915219/SRR6915219_2.fastq.gz	10335b6a0572ab0f1ffe618bd6da3d1d;e3ada8901d064e6c2d87fd2fbfd960f8	1384851969;1423410368		MIMS Environmental/Metagenome sample from human gut metagenome
SRR6915091	PRJNA447983	SAMN08813994	SRS3104973	VF114	SRX3862919	VF114	PAIRED	WGS	METAGENOMIC	ILLUMINA	Illumina HiSeq 2500	16092005	3192490905	ftp.sra.ebi.ac.uk/vol1/fastq/SRR691/001/SRR6915091/SRR6915091_1.fastq.gz;ftp.sra.ebi.ac.uk/vol1/fastq/SRR691/001/SRR6915091/SRR6915091_2.fastq.gz	0050505d47b68c3425e0e68f895b110c;f137527ffe83fb2bf9a530cd9424574a	1033293989;1069569554		MIMS Environmental/Metagenome sample from human gut metagenome
SRR6915095	PRJNA447983	SAMN08814036	SRS3104968	VF216	SRX3862915	VF216	PAIRED	WGS	METAGENOMIC	ILLUMINA	Illumina HiSeq 2500	33535491	6667107549	ftp.sra.ebi.ac.uk/vol1/fastq/SRR691/005/SRR6915095/SRR6915095_1.fastq.gz;ftp.sra.ebi.ac.uk/vol1/fastq/SRR691/005/SRR6915095/SRR6915095_2.fastq.gz	9e416fa92cdf0ca85aec2255444e4806;65987ce30c7afd3aba090ad17d40f71b	2144137022;2182383083		MIMS Environmental/Metagenome sample from human gut metagenome
SRR6915097	PRJNA447983	SAMN08814044	SRS3104969	VF212	SRX3862913	VF212	PAIRED	WGS	METAGENOMIC	ILLUMINA	Illumina HiSeq 2500	17121245	3397146870	ftp.sra.ebi.ac.uk/vol1/fastq/SRR691/007/SRR6915097/SRR6915097_1.fastq.gz;ftp.sra.ebi.ac.uk/vol1/fastq/SRR691/007/SRR6915097/SRR6915097_2.fastq.gz	0d6dc5613246fbc362dd320d5407dacc;6890dcd5adc76f84d8941032041caf77	1088130937;1090311806		MIMS Environmental/Metagenome sample from human gut metagenome
SRR6915108	PRJNA447983	SAMN08813963	SRS3104957	SBJ21H	SRX3862902	SBJ21H	PAIRED	WGS	METAGENOMIC	ILLUMINA	Illumina HiSeq 2500	17622946	3491145970	ftp.sra.ebi.ac.uk/vol1/fastq/SRR691/008/SRR6915108/SRR6915108_1.fastq.gz;ftp.sra.ebi.ac.uk/vol1/fastq/SRR691/008/SRR6915108/SRR6915108_2.fastq.gz	ccbd19eba096c26da7358219a39255f9;a40d51aa0e6d29a3f7a1d3dbdbf1e438	1132778408;1124259234		MIMS Environmental/Metagenome sample from human gut metagenome
SRR6915122	PRJNA447983	SAMN08814056	SRS3104974	VF18	SRX3862888	VF18	PAIRED	WGS	METAGENOMIC	ILLUMINA	Illumina HiSeq 2500	90924580	18090843680	ftp.sra.ebi.ac.uk/vol1/fastq/SRR691/002/SRR6915122/SRR6915122_1.fastq.gz;ftp.sra.ebi.ac.uk/vol1/fastq/SRR691/002/SRR6915122/SRR6915122_2.fastq.gz	382d6517054a5b9c5abce30162f3e495;19d26296f950273851232ca6c60df5b5	5903508697;5885622682		MIMS Environmental/Metagenome sample from human gut metagenome
SRR6915131	PRJNA447983	SAMN08813973	SRS3104934	SBJ45H	SRX3862879	SBJ45H	PAIRED	WGS	METAGENOMIC	ILLUMINA	Illumina HiSeq 2500	44585494	8871734689	ftp.sra.ebi.ac.uk/vol1/fastq/SRR691/001/SRR6915131/SRR6915131_1.fastq.gz;ftp.sra.ebi.ac.uk/vol1/fastq/SRR691/001/SRR6915131/SRR6915131_2.fastq.gz	c3a67438097cb3e23e06d6d6a2d8b4ba;d0df751794bb4a890b1468aecb28adbc	2900063782;2874390590		MIMS Environmental/Metagenome sample from human gut metagenome
SRR6915136	PRJNA447983	SAMN08813931	SRS3104928	SBJ53C	SRX3862874	SBJ53C	PAIRED	WGS	METAGENOMIC	ILLUMINA	Illumina HiSeq 2500	21943135	4358937863	ftp.sra.ebi.ac.uk/vol1/fastq/SRR691/006/SRR6915136/SRR6915136_1.fastq.gz;ftp.sra.ebi.ac.uk/vol1/fastq/SRR691/006/SRR6915136/SRR6915136_2.fastq.gz	ad40896e27ce0d3690d49774af12e965;ffe00a37c23d1aa8eb11a8018c47736c	1428503683;1450706010		MIMS Environmental/Metagenome sample from human gut metagenome
SRR6915143	PRJNA447983	SAMN08814009	SRS3104927	VF38	SRX3862867	VF38	PAIRED	WGS	METAGENOMIC	ILLUMINA	Illumina HiSeq 2500	14591401	2899983053	ftp.sra.ebi.ac.uk/vol1/fastq/SRR691/003/SRR6915143/SRR6915143_1.fastq.gz;ftp.sra.ebi.ac.uk/vol1/fastq/SRR691/003/SRR6915143/SRR6915143_2.fastq.gz	f6154b8ba733354ee955884dbf128f3e;6d0fae64843480534096259313f03816	947684402;969006536		MIMS Environmental/Metagenome sample from human gut metagenome
SRR6915145	PRJNA447983	SAMN08814011	SRS3104919	VF43	SRX3862865	VF43	PAIRED	WGS	METAGENOMIC	ILLUMINA	Illumina HiSeq 2500	16479577	3278047051	ftp.sra.ebi.ac.uk/vol1/fastq/SRR691/005/SRR6915145/SRR6915145_1.fastq.gz;ftp.sra.ebi.ac.uk/vol1/fastq/SRR691/005/SRR6915145/SRR6915145_2.fastq.gz	e37c32b9070d1b35ed6161dc550ba0a4;f717ae750f05d706e43f930c0e667478	1064402691;1084127507		MIMS Environmental/Metagenome sample from human gut metagenome
SRR6915147	PRJNA447983	SAMN08813968	SRS3104918	SBJ36C	SRX3862863	SBJ36C	PAIRED	WGS	METAGENOMIC	ILLUMINA	Illumina HiSeq 2500	15326373	3038841388	ftp.sra.ebi.ac.uk/vol1/fastq/SRR691/007/SRR6915147/SRR6915147_1.fastq.gz;ftp.sra.ebi.ac.uk/vol1/fastq/SRR691/007/SRR6915147/SRR6915147_2.fastq.gz	c3b4001853b781642b7d052474c87296;75c23ed53ff29a5aa80726761ee794f4	993328371;979474903		MIMS Environmental/Metagenome sample from human gut metagenome
SRR6915152	PRJNA447983	SAMN08813934	SRS3104913	SBJ33C	SRX3862858	SBJ33C	PAIRED	WGS	METAGENOMIC	ILLUMINA	Illumina HiSeq 2500	19867836	3940584384	ftp.sra.ebi.ac.uk/vol1/fastq/SRR691/002/SRR6915152/SRR6915152_1.fastq.gz;ftp.sra.ebi.ac.uk/vol1/fastq/SRR691/002/SRR6915152/SRR6915152_2.fastq.gz	ea76317b5ae2c8cbc897be398e5d66f7;e3a258d8284924b5cee3fc71d40a3235	1284622277;1273965392		MIMS Environmental/Metagenome sample from human gut metagenome
SRR6915156	PRJNA447983	SAMN08813941	SRS3104909	SBJ40C	SRX3862854	SBJ40C	PAIRED	WGS	METAGENOMIC	ILLUMINA	Illumina HiSeq 2500	16892982	3348954723	ftp.sra.ebi.ac.uk/vol1/fastq/SRR691/006/SRR6915156/SRR6915156_1.fastq.gz;ftp.sra.ebi.ac.uk/vol1/fastq/SRR691/006/SRR6915156/SRR6915156_2.fastq.gz	1e0522177ad7e8e120bbaa4b36975eba;79834caf09d9f034186d133a9d366074	1092811242;1085742903		MIMS Environmental/Metagenome sample from human gut metagenome
SRR6915166	PRJNA447983	SAMN08814023	SRS3104899	VF77	SRX3862844	VF77	PAIRED	WGS	METAGENOMIC	ILLUMINA	Illumina HiSeq 2500	23425095	4657953839	ftp.sra.ebi.ac.uk/vol1/fastq/SRR691/006/SRR6915166/SRR6915166_1.fastq.gz;ftp.sra.ebi.ac.uk/vol1/fastq/SRR691/006/SRR6915166/SRR6915166_2.fastq.gz	54a2a706007e9f0f88bec16cf36a8dd6;c6a641b1f11a39719756b06b9b7dc5cb	1520165865;1544427890		MIMS Environmental/Metagenome sample from human gut metagenome
SRR6915168	PRJNA447983	SAMN08813939	SRS3104897	SBJ77H	SRX3862842	SBJ77H	PAIRED	WGS	METAGENOMIC	ILLUMINA	Illumina HiSeq 2500	13235912	2630654543	ftp.sra.ebi.ac.uk/vol1/fastq/SRR691/008/SRR6915168/SRR6915168_1.fastq.gz;ftp.sra.ebi.ac.uk/vol1/fastq/SRR691/008/SRR6915168/SRR6915168_2.fastq.gz	d547abe228bac2d3661ad11d658d65a8;a52d5ececb751ada132229db5475768b	870053697;871931764		MIMS Environmental/Metagenome sample from human gut metagenome
SRR6915174	PRJNA447983	SAMN08813977	SRS3104891	SBJ79H	SRX3862836	SBJ79H	PAIRED	WGS	METAGENOMIC	ILLUMINA	Illumina HiSeq 2500	16900543	3359472429	ftp.sra.ebi.ac.uk/vol1/fastq/SRR691/004/SRR6915174/SRR6915174_1.fastq.gz;ftp.sra.ebi.ac.uk/vol1/fastq/SRR691/004/SRR6915174/SRR6915174_2.fastq.gz	5d230a65d09c1f73a4c732bc38a9860a;6c8eb74ddc5f8fc31aa9a93a6de177fe	1103415287;1110184467		MIMS Environmental/Metagenome sample from human gut metagenome
SRR6915177	PRJNA447983	SAMN08813928	SRS3104888	SBJ12C	SRX3862833	SBJ12C	PAIRED	WGS	METAGENOMIC	ILLUMINA	Illumina HiSeq 2500	19079349	3758212211	ftp.sra.ebi.ac.uk/vol1/fastq/SRR691/007/SRR6915177/SRR6915177_1.fastq.gz;ftp.sra.ebi.ac.uk/vol1/fastq/SRR691/007/SRR6915177/SRR6915177_2.fastq.gz	8256fd288c538f01b27b8d1597b4ac65;2493c4e0c64df9c8f0d70aa95b9a68b1	1213552822;1209342570		MIMS Environmental/Metagenome sample from human gut metagenome
SRR6915181	PRJNA447983	SAMN08813938	SRS3104884	SBJ10C	SRX3862829	SBJ10C	PAIRED	WGS	METAGENOMIC	ILLUMINA	Illumina HiSeq 2500	23875829	4727806502	ftp.sra.ebi.ac.uk/vol1/fastq/SRR691/001/SRR6915181/SRR6915181_1.fastq.gz;ftp.sra.ebi.ac.uk/vol1/fastq/SRR691/001/SRR6915181/SRR6915181_2.fastq.gz	554f267378089a500599a06a25983c29;f0c4c42ccc18d11be1b9be33dc07c15a	1522724703;1549270836		MIMS Environmental/Metagenome sample from human gut metagenome
SRR6915184	PRJNA447983	SAMN08813946	SRS3104881	SBJ01C	SRX3862826	SBJ01C	PAIRED	WGS	METAGENOMIC	ILLUMINA	Illumina HiSeq 2500	21057139	4176016663	ftp.sra.ebi.ac.uk/vol1/fastq/SRR691/004/SRR6915184/SRR6915184_1.fastq.gz;ftp.sra.ebi.ac.uk/vol1/fastq/SRR691/004/SRR6915184/SRR6915184_2.fastq.gz	e7b22786e83fbc9ee485db1c503d675b;250640dbb96683b7b8460d688e1252d9	1364397739;1371740546		MIMS Environmental/Metagenome sample from human gut metagenome
SRR6915187	PRJNA447983	SAMN08814049	SRS3104878	VF265	SRX3862823	VF265	PAIRED	WGS	METAGENOMIC	ILLUMINA	Illumina HiSeq 2500	8625935	1712654937	ftp.sra.ebi.ac.uk/vol1/fastq/SRR691/007/SRR6915187/SRR6915187_1.fastq.gz;ftp.sra.ebi.ac.uk/vol1/fastq/SRR691/007/SRR6915187/SRR6915187_2.fastq.gz	536642e59770f314c47bf057fca76c36;f0c2225077cdaf1a5478450e8a4d6c96	562621827;569258031		MIMS Environmental/Metagenome sample from human gut metagenome
SRR6915195	PRJNA447983	SAMN08813957	SRS3104869	SBJ64C	SRX3862815	SBJ64C	PAIRED	WGS	METAGENOMIC	ILLUMINA	Illumina HiSeq 2500	35725329	7093186441	ftp.sra.ebi.ac.uk/vol1/fastq/SRR691/005/SRR6915195/SRR6915195_1.fastq.gz;ftp.sra.ebi.ac.uk/vol1/fastq/SRR691/005/SRR6915195/SRR6915195_2.fastq.gz	4896cf284a741be5e4e80083e97246ad;d5512e71ca61c5d594cd1679d838a348	2339671972;2388218041		MIMS Environmental/Metagenome sample from human gut metagenome
SRR6915209	PRJNA447983	SAMN08814051	SRS3104856	VF300	SRX3862801	VF300	PAIRED	WGS	METAGENOMIC	ILLUMINA	Illumina HiSeq 2500	40815700	8116955390	ftp.sra.ebi.ac.uk/vol1/fastq/SRR691/009/SRR6915209/SRR6915209_1.fastq.gz;ftp.sra.ebi.ac.uk/vol1/fastq/SRR691/009/SRR6915209/SRR6915209_2.fastq.gz	d6a885833b7c087fbb9b0b5285e1ae68;224d2663850153b5878877936d36df0f	2630172029;2667941216		MIMS Environmental/Metagenome sample from human gut metagenome
SRR6915211	PRJNA447983	SAMN08813991	SRS3104855	VF100	SRX3862799	VF100	PAIRED	WGS	METAGENOMIC	ILLUMINA	Illumina HiSeq 2500	31587222	6268384387	ftp.sra.ebi.ac.uk/vol1/fastq/SRR691/001/SRR6915211/SRR6915211_1.fastq.gz;ftp.sra.ebi.ac.uk/vol1/fastq/SRR691/001/SRR6915211/SRR6915211_2.fastq.gz	d0f37c03634c5c8d2305d258309a8fd4;53ab987b7fea1486a2b46ab1007ff611	2049888019;2069421092		MIMS Environmental/Metagenome sample from human gut metagenome
SRR6915212	PRJNA447983	SAMN08813990	SRS3104853	VF07	SRX3862798	VF07	PAIRED	WGS	METAGENOMIC	ILLUMINA	Illumina HiSeq 2500	13466058	2664489416	ftp.sra.ebi.ac.uk/vol1/fastq/SRR691/002/SRR6915212/SRR6915212_1.fastq.gz;ftp.sra.ebi.ac.uk/vol1/fastq/SRR691/002/SRR6915212/SRR6915212_2.fastq.gz	bb11627bcffb762413e8a669462c649d;7e08c294af51ebec79855c5cea0ef92a	878040239;874242713		MIMS Environmental/Metagenome sample from human gut metagenome
SRR6915213	PRJNA447983	SAMN08813993	SRS3104852	VF107	SRX3862797	VF107	PAIRED	WGS	METAGENOMIC	ILLUMINA	Illumina HiSeq 2500	20780326	4113773388	ftp.sra.ebi.ac.uk/vol1/fastq/SRR691/003/SRR6915213/SRR6915213_1.fastq.gz;ftp.sra.ebi.ac.uk/vol1/fastq/SRR691/003/SRR6915213/SRR6915213_2.fastq.gz	33759cac8a86fe0850a8ad74f72352b5;8359c08262c68cba28e68fef2f476db2	1336070614;1337995306		MIMS Environmental/Metagenome sample from human gut metagenome
SRR6915216	PRJNA447983	SAMN08814007	SRS3104849	VF35	SRX3862794	VF35	PAIRED	WGS	METAGENOMIC	ILLUMINA	Illumina HiSeq 2500	12763399	2534851633	ftp.sra.ebi.ac.uk/vol1/fastq/SRR691/006/SRR6915216/SRR6915216_1.fastq.gz;ftp.sra.ebi.ac.uk/vol1/fastq/SRR691/006/SRR6915216/SRR6915216_2.fastq.gz	96938d9eb1f2c6992539db35f86c8e53;23aca6a5269551e67720f38db5d59d21	828373051;841310252		MIMS Environmental/Metagenome sample from human gut metagenome
SRR6915217	PRJNA447983	SAMN08814054	SRS3104847	VF140	SRX3862793	VF140	PAIRED	WGS	METAGENOMIC	ILLUMINA	Illumina HiSeq 2500	10767117	2137592353	ftp.sra.ebi.ac.uk/vol1/fastq/SRR691/007/SRR6915217/SRR6915217_1.fastq.gz;ftp.sra.ebi.ac.uk/vol1/fastq/SRR691/007/SRR6915217/SRR6915217_2.fastq.gz	77927ff5bd1dcf5c13014b0adbd54557;1344edf015b3ce0c7213c321c5c2ffb6	705100171;710619307		MIMS Environmental/Metagenome sample from human gut metagenome
SRR6915218	PRJNA447983	SAMN08813995	SRS3104848	VF120	SRX3862792	VF120	PAIRED	WGS	METAGENOMIC	ILLUMINA	Illumina HiSeq 2500	16492947	3255758142	ftp.sra.ebi.ac.uk/vol1/fastq/SRR691/008/SRR6915218/SRR6915218_1.fastq.gz;ftp.sra.ebi.ac.uk/vol1/fastq/SRR691/008/SRR6915218/SRR6915218_2.fastq.gz	6e428e0144bd70bf437ac5c02c2b3517;e8e0788ec46cecfe1bd2eb39399d3553	1059199949;1081335409		MIMS Environmental/Metagenome sample from human gut metagenome
SRR6915096	PRJNA447983	SAMN08814045	SRS3104967	VF214	SRX3862914	VF214	PAIRED	WGS	METAGENOMIC	ILLUMINA	Illumina HiSeq 2500	6945731	1380598661	ftp.sra.ebi.ac.uk/vol1/fastq/SRR691/006/SRR6915096/SRR6915096_1.fastq.gz;ftp.sra.ebi.ac.uk/vol1/fastq/SRR691/006/SRR6915096/SRR6915096_2.fastq.gz	208fdfa75b3a68774e48f50d6e6854fe;1adaa83ea3a68e3482eaca4752b37214	445050759;452544468		MIMS Environmental/Metagenome sample from human gut metagenome
SRR6915099	PRJNA447983	SAMN08814029	SRS3104965	VF207	SRX3862911	VF207	PAIRED	WGS	METAGENOMIC	ILLUMINA	Illumina HiSeq 2500	19360972	3848011796	ftp.sra.ebi.ac.uk/vol1/fastq/SRR691/009/SRR6915099/SRR6915099_1.fastq.gz;ftp.sra.ebi.ac.uk/vol1/fastq/SRR691/009/SRR6915099/SRR6915099_2.fastq.gz	252e47affcb0a552eabf462795af9b33;afd63ca44d4a9ca1b530fc221bf6675b	1226222653;1235833174		MIMS Environmental/Metagenome sample from human gut metagenome
SRR6915101	PRJNA447983	SAMN08814039	SRS3104964	VF251	SRX3862909	VF251	PAIRED	WGS	METAGENOMIC	ILLUMINA	Illumina HiSeq 2500	23197523	4612362125	ftp.sra.ebi.ac.uk/vol1/fastq/SRR691/001/SRR6915101/SRR6915101_1.fastq.gz;ftp.sra.ebi.ac.uk/vol1/fastq/SRR691/001/SRR6915101/SRR6915101_2.fastq.gz	2df0081854d79c4903d0f9532643d6fb;933100bbac803d3b6083c229075eeed0	1490727121;1514739084		MIMS Environmental/Metagenome sample from human gut metagenome
SRR6915106	PRJNA447983	SAMN08813925	SRS3104958	SBJ24H	SRX3862904	SBJ24H	PAIRED	WGS	METAGENOMIC	ILLUMINA	Illumina HiSeq 2500	17724143	3513547084	ftp.sra.ebi.ac.uk/vol1/fastq/SRR691/006/SRR6915106/SRR6915106_1.fastq.gz;ftp.sra.ebi.ac.uk/vol1/fastq/SRR691/006/SRR6915106/SRR6915106_2.fastq.gz	5da847154c6cf64f60c6ba6eb42102fb;8a9a7562d001d4ff0f6dcdf059918341	1146422656;1146398648		MIMS Environmental/Metagenome sample from human gut metagenome
SRR6915119	PRJNA447983	SAMN08813999	SRS3104945	VF174	SRX3862891	VF174	PAIRED	WGS	METAGENOMIC	ILLUMINA	Illumina HiSeq 2500	20562523	4080726893	ftp.sra.ebi.ac.uk/vol1/fastq/SRR691/009/SRR6915119/SRR6915119_1.fastq.gz;ftp.sra.ebi.ac.uk/vol1/fastq/SRR691/009/SRR6915119/SRR6915119_2.fastq.gz	85d8404d362382dd9fa6642e83014fe6;f7318d088663306f6aecf9fa8c7b3617	1329336267;1376886394		MIMS Environmental/Metagenome sample from human gut metagenome
SRR6915123	PRJNA447983	SAMN08814001	SRS3104941	VF192	SRX3862887	VF192	PAIRED	WGS	METAGENOMIC	ILLUMINA	Illumina HiSeq 2500	11721962	2325769283	ftp.sra.ebi.ac.uk/vol1/fastq/SRR691/003/SRR6915123/SRR6915123_1.fastq.gz;ftp.sra.ebi.ac.uk/vol1/fastq/SRR691/003/SRR6915123/SRR6915123_2.fastq.gz	6668cc0ff9e74edf3250176a7cec64ba;75cbcf0d3a07748abd64b2c2eea5a8fa	751807545;778888220		MIMS Environmental/Metagenome sample from human gut metagenome
SRR6915127	PRJNA447983	SAMN08813922	SRS3104940	SBJ50C	SRX3862883	SBJ50C	PAIRED	WGS	METAGENOMIC	ILLUMINA	Illumina HiSeq 2500	26450411	5253305524	ftp.sra.ebi.ac.uk/vol1/fastq/SRR691/007/SRR6915127/SRR6915127_1.fastq.gz;ftp.sra.ebi.ac.uk/vol1/fastq/SRR691/007/SRR6915127/SRR6915127_2.fastq.gz	fb1303d36833b50869b9ab1f2d4e64a2;d2d109b9da363a79f7c2001437037fc5	1735294548;1767456477		MIMS Environmental/Metagenome sample from human gut metagenome
SRR6915129	PRJNA447983	SAMN08813921	SRS3104936	SBJ52C	SRX3862881	SBJ52C	PAIRED	WGS	METAGENOMIC	ILLUMINA	Illumina HiSeq 2500	14950298	2968281897	ftp.sra.ebi.ac.uk/vol1/fastq/SRR691/009/SRR6915129/SRR6915129_1.fastq.gz;ftp.sra.ebi.ac.uk/vol1/fastq/SRR691/009/SRR6915129/SRR6915129_2.fastq.gz	f18530eb15dab4ccb3cd22a75c8dc48c;fb9a3e57b64413fc6550ecca8d0399b7	984020035;1003298804		MIMS Environmental/Metagenome sample from human gut metagenome
SRR6915133	PRJNA447983	SAMN08813965	SRS3104930	SBJ47C	SRX3862877	SBJ47C	PAIRED	WGS	METAGENOMIC	ILLUMINA	Illumina HiSeq 2500	16158798	3212896055	ftp.sra.ebi.ac.uk/vol1/fastq/SRR691/003/SRR6915133/SRR6915133_1.fastq.gz;ftp.sra.ebi.ac.uk/vol1/fastq/SRR691/003/SRR6915133/SRR6915133_2.fastq.gz	0bb1dd578852d187299464803c7be277;4be86489ab4c89312f7b7349d8489cde	1064199185;1051761006		MIMS Environmental/Metagenome sample from human gut metagenome
SRR6915134	PRJNA447983	SAMN08813979	SRS3104931	SBJ46H	SRX3862876	SBJ46H	PAIRED	WGS	METAGENOMIC	ILLUMINA	Illumina HiSeq 2500	21973515	4371661312	ftp.sra.ebi.ac.uk/vol1/fastq/SRR691/004/SRR6915134/SRR6915134_1.fastq.gz;ftp.sra.ebi.ac.uk/vol1/fastq/SRR691/004/SRR6915134/SRR6915134_2.fastq.gz	8003eb8f42bbc231fd3abaf848c10603;a5491e41a6899da294904f69d61d0635	1435369041;1433866587		MIMS Environmental/Metagenome sample from human gut metagenome
SRR6915139	PRJNA447983	SAMN08814013	SRS3104925	VF50	SRX3862871	VF50	PAIRED	WGS	METAGENOMIC	ILLUMINA	Illumina HiSeq 2500	18919353	3759714541	ftp.sra.ebi.ac.uk/vol1/fastq/SRR691/009/SRR6915139/SRR6915139_1.fastq.gz;ftp.sra.ebi.ac.uk/vol1/fastq/SRR691/009/SRR6915139/SRR6915139_2.fastq.gz	ea5caa9251d0c2589595c539e850dd10;df1cedeaec9f1e43f425b53ef4cf3784	1229152118;1255847742		MIMS Environmental/Metagenome sample from human gut metagenome
SRR6915141	PRJNA447983	SAMN08814015	SRS3104922	VF56	SRX3862869	VF56	PAIRED	WGS	METAGENOMIC	ILLUMINA	Illumina HiSeq 2500	26623329	5280970488	ftp.sra.ebi.ac.uk/vol1/fastq/SRR691/001/SRR6915141/SRR6915141_1.fastq.gz;ftp.sra.ebi.ac.uk/vol1/fastq/SRR691/001/SRR6915141/SRR6915141_2.fastq.gz	b34ceb6c2b8330aabee5afe1fb6ebbff;c2043527c5de77b4cd37e9b5c942f9cb	1708648237;1721276647		MIMS Environmental/Metagenome sample from human gut metagenome
SRR6915146	PRJNA447983	SAMN08814012	SRS3104920	VF47	SRX3862864	VF47	PAIRED	WGS	METAGENOMIC	ILLUMINA	Illumina HiSeq 2500	35878685	7139890166	ftp.sra.ebi.ac.uk/vol1/fastq/SRR691/006/SRR6915146/SRR6915146_1.fastq.gz;ftp.sra.ebi.ac.uk/vol1/fastq/SRR691/006/SRR6915146/SRR6915146_2.fastq.gz	2dadd8ed53056b65119bbf1382b0b575;530f0455c098feeddce406ae449215f0	2315981653;2344489092		MIMS Environmental/Metagenome sample from human gut metagenome
SRR6915149	PRJNA447983	SAMN08813929	SRS3104916	SBJ34H	SRX3862861	SBJ34H	PAIRED	WGS	METAGENOMIC	ILLUMINA	Illumina HiSeq 2500	18485503	3664612940	ftp.sra.ebi.ac.uk/vol1/fastq/SRR691/009/SRR6915149/SRR6915149_1.fastq.gz;ftp.sra.ebi.ac.uk/vol1/fastq/SRR691/009/SRR6915149/SRR6915149_2.fastq.gz	af9e8a8099c57aab74d3c420c1b88e55;cfbb2fd54414fe5b9c80d112f5c921a5	1188612382;1184797137		MIMS Environmental/Metagenome sample from human gut metagenome
SRR6915151	PRJNA447983	SAMN08813978	SRS3104914	SBJ32C	SRX3862859	SBJ32C	PAIRED	WGS	METAGENOMIC	ILLUMINA	Illumina HiSeq 2500	15277334	3027512615	ftp.sra.ebi.ac.uk/vol1/fastq/SRR691/001/SRR6915151/SRR6915151_1.fastq.gz;ftp.sra.ebi.ac.uk/vol1/fastq/SRR691/001/SRR6915151/SRR6915151_2.fastq.gz	8b2b34ac0322e051778dec151c9f51d3;56cd7d99a721521e3172c5de26d1eaab	990248496;983766460		MIMS Environmental/Metagenome sample from human gut metagenome
SRR6915153	PRJNA447983	SAMN08813940	SRS3104912	SBJ29C	SRX3862857	SBJ29C	PAIRED	WGS	METAGENOMIC	ILLUMINA	Illumina HiSeq 2500	15588630	3091754774	ftp.sra.ebi.ac.uk/vol1/fastq/SRR691/003/SRR6915153/SRR6915153_1.fastq.gz;ftp.sra.ebi.ac.uk/vol1/fastq/SRR691/003/SRR6915153/SRR6915153_2.fastq.gz	1ba4d01e68bd093074a9799c26b8b953;5d9f0832c7ba40bff89480173d379c85	1018482537;1002264981		MIMS Environmental/Metagenome sample from human gut metagenome
SRR6915155	PRJNA447983	SAMN08813935	SRS3104910	SBJ39C	SRX3862855	SBJ39C	PAIRED	WGS	METAGENOMIC	ILLUMINA	Illumina HiSeq 2500	14520347	2876292643	ftp.sra.ebi.ac.uk/vol1/fastq/SRR691/005/SRR6915155/SRR6915155_1.fastq.gz;ftp.sra.ebi.ac.uk/vol1/fastq/SRR691/005/SRR6915155/SRR6915155_2.fastq.gz	c3a5c42ed5b9a4455ceb5c1e1d094c7a;138c24fa7114692d6f44eabee71262f2	936289626;927455843		MIMS Environmental/Metagenome sample from human gut metagenome
SRR6915157	PRJNA447983	SAMN08814027	SRS3104908	VF97	SRX3862853	VF97	PAIRED	WGS	METAGENOMIC	ILLUMINA	Illumina HiSeq 2500	15310853	3046780024	ftp.sra.ebi.ac.uk/vol1/fastq/SRR691/007/SRR6915157/SRR6915157_1.fastq.gz;ftp.sra.ebi.ac.uk/vol1/fastq/SRR691/007/SRR6915157/SRR6915157_2.fastq.gz	635456107cc3e2b90ceb0df0ee218f00;e48bb76f7bc5f359f6fa956b1c7f448f	989319117;1000013431		MIMS Environmental/Metagenome sample from human gut metagenome
SRR6915161	PRJNA447983	SAMN08814020	SRS3104904	VF70	SRX3862849	VF70	PAIRED	WGS	METAGENOMIC	ILLUMINA	Illumina HiSeq 2500	18861118	3745651087	ftp.sra.ebi.ac.uk/vol1/fastq/SRR691/001/SRR6915161/SRR6915161_1.fastq.gz;ftp.sra.ebi.ac.uk/vol1/fastq/SRR691/001/SRR6915161/SRR6915161_2.fastq.gz	a68ced73e2062db41e3c0dbbe2e0b793;474bd9140ff91aa9db27679328c6cb04	1210452341;1227084513		MIMS Environmental/Metagenome sample from human gut metagenome
SRR6915164	PRJNA447983	SAMN08814024	SRS3104901	VF84	SRX3862846	VF84	PAIRED	WGS	METAGENOMIC	ILLUMINA	Illumina HiSeq 2500	17870018	3552214977	ftp.sra.ebi.ac.uk/vol1/fastq/SRR691/004/SRR6915164/SRR6915164_1.fastq.gz;ftp.sra.ebi.ac.uk/vol1/fastq/SRR691/004/SRR6915164/SRR6915164_2.fastq.gz	229acd965171c72f012109411fe1869d;0a3e5a03af16bf613f17f1b35bb31233	1169017885;1185763950		MIMS Environmental/Metagenome sample from human gut metagenome
SRR6915165	PRJNA447983	SAMN08814059	SRS3104900	VF82	SRX3862845	VF82	PAIRED	WGS	METAGENOMIC	ILLUMINA	Illumina HiSeq 2500	11097528	2207785059	ftp.sra.ebi.ac.uk/vol1/fastq/SRR691/005/SRR6915165/SRR6915165_1.fastq.gz;ftp.sra.ebi.ac.uk/vol1/fastq/SRR691/005/SRR6915165/SRR6915165_2.fastq.gz	362c9152a1fc4e67e68d19fe891ea302;9d4790826717cdba6dc434985aac9bfa	721326830;722443833		MIMS Environmental/Metagenome sample from human gut metagenome
SRR6915172	PRJNA447983	SAMN08813948	SRS3104893	SBJ81H	SRX3862838	SBJ81H	PAIRED	WGS	METAGENOMIC	ILLUMINA	Illumina HiSeq 2500	27377622	5440126805	ftp.sra.ebi.ac.uk/vol1/fastq/SRR691/002/SRR6915172/SRR6915172_1.fastq.gz;ftp.sra.ebi.ac.uk/vol1/fastq/SRR691/002/SRR6915172/SRR6915172_2.fastq.gz	207d2097414ea99e41b291d106c175f2;9561bc81ab7a911eec0ea527a11f2e0c	1797367235;1811646339		MIMS Environmental/Metagenome sample from human gut metagenome
SRR6915176	PRJNA447983	SAMN08813933	SRS3104889	SBJ83H	SRX3862834	SBJ83H	PAIRED	WGS	METAGENOMIC	ILLUMINA	Illumina HiSeq 2500	11992292	2383140130	ftp.sra.ebi.ac.uk/vol1/fastq/SRR691/006/SRR6915176/SRR6915176_1.fastq.gz;ftp.sra.ebi.ac.uk/vol1/fastq/SRR691/006/SRR6915176/SRR6915176_2.fastq.gz	e8a3af248231437543838a640a2b2e9c;feb1630bc33737ddf9b6138fd8c877a3	782799337;784148815		MIMS Environmental/Metagenome sample from human gut metagenome
SRR6915178	PRJNA447983	SAMN08813944	SRS3104887	SBJ11C	SRX3862832	SBJ11C	PAIRED	WGS	METAGENOMIC	ILLUMINA	Illumina HiSeq 2500	23386617	4649468222	ftp.sra.ebi.ac.uk/vol1/fastq/SRR691/008/SRR6915178/SRR6915178_1.fastq.gz;ftp.sra.ebi.ac.uk/vol1/fastq/SRR691/008/SRR6915178/SRR6915178_2.fastq.gz	b371b8ba70cb16241c7eb87d638397ce;5187a029e84c65889231b69b79625c06	1517137180;1530162761		MIMS Environmental/Metagenome sample from human gut metagenome
SRR6915186	PRJNA447983	SAMN08813974	SRS3104879	SBJ03H	SRX3862824	SBJ03H	PAIRED	WGS	METAGENOMIC	ILLUMINA	Illumina HiSeq 2500	30051257	5943992913	ftp.sra.ebi.ac.uk/vol1/fastq/SRR691/006/SRR6915186/SRR6915186_1.fastq.gz;ftp.sra.ebi.ac.uk/vol1/fastq/SRR691/006/SRR6915186/SRR6915186_2.fastq.gz	00f56ffe3bc8fa1cf60dd11fda68f063;0c22f2210bc15ac28de157155e730f78	1891712455;1918189416		MIMS Environmental/Metagenome sample from human gut metagenome
SRR6915189	PRJNA447983	SAMN08814048	SRS3104876	VF263	SRX3862821	VF263	PAIRED	WGS	METAGENOMIC	ILLUMINA	Illumina HiSeq 2500	37705805	7498578001	ftp.sra.ebi.ac.uk/vol1/fastq/SRR691/009/SRR6915189/SRR6915189_1.fastq.gz;ftp.sra.ebi.ac.uk/vol1/fastq/SRR691/009/SRR6915189/SRR6915189_2.fastq.gz	a0dcfca49c729325cedac51b71dc5a02;bdca20fcf8402bc1121a5218962b0cc3	2464916466;2478044025		MIMS Environmental/Metagenome sample from human gut metagenome
SRR6915191	PRJNA447983	SAMN08814046	SRS3104874	VF261	SRX3862819	VF261	PAIRED	WGS	METAGENOMIC	ILLUMINA	Illumina HiSeq 2500	11030505	2191850458	ftp.sra.ebi.ac.uk/vol1/fastq/SRR691/001/SRR6915191/SRR6915191_1.fastq.gz;ftp.sra.ebi.ac.uk/vol1/fastq/SRR691/001/SRR6915191/SRR6915191_2.fastq.gz	be33ea9cf3aca6fd0c45aa5620c7be7f;1c3aab9037c677e7abfba691ae0f4c68	711873349;721509457		MIMS Environmental/Metagenome sample from human gut metagenome
SRR6915193	PRJNA447983	SAMN08814041	SRS3104872	VF255	SRX3862817	VF255	PAIRED	WGS	METAGENOMIC	ILLUMINA	Illumina HiSeq 2500	12354735	2455017055	ftp.sra.ebi.ac.uk/vol1/fastq/SRR691/003/SRR6915193/SRR6915193_1.fastq.gz;ftp.sra.ebi.ac.uk/vol1/fastq/SRR691/003/SRR6915193/SRR6915193_2.fastq.gz	f7e15f50202485f71642398326d9f1a9;e60e9ce286638bdc298b198d1cb5bf3e	795769336;803573661		MIMS Environmental/Metagenome sample from human gut metagenome
SRR6915210	PRJNA447983	SAMN08814003	SRS3104854	VF29	SRX3862800	VF29	PAIRED	WGS	METAGENOMIC	ILLUMINA	Illumina HiSeq 2500	18347954	3645416103	ftp.sra.ebi.ac.uk/vol1/fastq/SRR691/000/SRR6915210/SRR6915210_1.fastq.gz;ftp.sra.ebi.ac.uk/vol1/fastq/SRR691/000/SRR6915210/SRR6915210_2.fastq.gz	e3bbdd15c5c11d5bfd8299f688ac454a;b8350620308feeedc48dcd32bdf260f5	1191978433;1217680811		MIMS Environmental/Metagenome sample from human gut metagenome
SRR6915222	PRJNA447983	SAMN08813989	SRS3104842	VF06	SRX3862788	VF06	PAIRED	WGS	METAGENOMIC	ILLUMINA	Illumina HiSeq 2500	22041807	4363913085	ftp.sra.ebi.ac.uk/vol1/fastq/SRR691/002/SRR6915222/SRR6915222_1.fastq.gz;ftp.sra.ebi.ac.uk/vol1/fastq/SRR691/002/SRR6915222/SRR6915222_2.fastq.gz	8c5b6db2d1d9fb6abeedce02025f4e8c;d1c6fbd4003ae33cad6fd1c165bac9d0	1407246154;1423646661		MIMS Environmental/Metagenome sample from human gut metagenome
SRR6915223	PRJNA447983	SAMN08813982	SRS3104843	GF15	SRX3862787	GF15	PAIRED	WGS	METAGENOMIC	ILLUMINA	Illumina HiSeq 2500	30930699	6123412426	ftp.sra.ebi.ac.uk/vol1/fastq/SRR691/003/SRR6915223/SRR6915223_1.fastq.gz;ftp.sra.ebi.ac.uk/vol1/fastq/SRR691/003/SRR6915223/SRR6915223_2.fastq.gz	d4ae5fae819bb71ae14af2bb53d448d2;988d457931c02386c43fad807d9a72ef	1999503345;2042650376		MIMS Environmental/Metagenome sample from human gut metagenome
SRR6915225	PRJNA447983	SAMN08813980	SRS3104839	GF06	SRX3862785	GF06	PAIRED	WGS	METAGENOMIC	ILLUMINA	Illumina HiSeq 2500	39741109	7863262112	ftp.sra.ebi.ac.uk/vol1/fastq/SRR691/005/SRR6915225/SRR6915225_1.fastq.gz;ftp.sra.ebi.ac.uk/vol1/fastq/SRR691/005/SRR6915225/SRR6915225_2.fastq.gz	290f2937dc6b4c46c4ab96cef3885ffc;2c485375be15ac54f72479b84b6476e3	2563492257;2610399964		MIMS Environmental/Metagenome sample from human gut metagenome
SRR6915226	PRJNA447983	SAMN08813981	SRS3104838	GF12	SRX3862784	GF12	PAIRED	WGS	METAGENOMIC	ILLUMINA	Illumina HiSeq 2500	20687445	4096901262	ftp.sra.ebi.ac.uk/vol1/fastq/SRR691/006/SRR6915226/SRR6915226_1.fastq.gz;ftp.sra.ebi.ac.uk/vol1/fastq/SRR691/006/SRR6915226/SRR6915226_2.fastq.gz	aecc9623c0cad9c5b39980c4fc04d913;63823e57d976d08ab944b254b33885f1	1334367077;1362276028		MIMS Environmental/Metagenome sample from human gut metagenome
SRR6915228	PRJNA447983	SAMN08813987	SRS3104835	VF02	SRX3862782	VF02	PAIRED	WGS	METAGENOMIC	ILLUMINA	Illumina HiSeq 2500	13695875	2724618005	ftp.sra.ebi.ac.uk/vol1/fastq/SRR691/008/SRR6915228/SRR6915228_1.fastq.gz;ftp.sra.ebi.ac.uk/vol1/fastq/SRR691/008/SRR6915228/SRR6915228_2.fastq.gz	cefe032972e9c77625d39181b2c0d436;886596e341ae54d907edf99a8f39b12f	880337537;898242413		MIMS Environmental/Metagenome sample from human gut metagenome
SRR6915230	PRJNA447983	SAMN08813985	SRS3104836	GF18	SRX3862780	GF18	PAIRED	WGS	METAGENOMIC	ILLUMINA	Illumina HiSeq 2500	14420304	2867366381	ftp.sra.ebi.ac.uk/vol1/fastq/SRR691/000/SRR6915230/SRR6915230_1.fastq.gz;ftp.sra.ebi.ac.uk/vol1/fastq/SRR691/000/SRR6915230/SRR6915230_2.fastq.gz	d381f63105c4178b24064594aaa04578;63cf7f8162f175fb50a7155ff7b0afb5	925621568;942808591		MIMS Environmental/Metagenome sample from human gut metagenome
SRR6915094	PRJNA447983	SAMN08814031	SRS3104970	VF217	SRX3862916	VF217	PAIRED	WGS	METAGENOMIC	ILLUMINA	Illumina HiSeq 2500	48781963	9691961893	ftp.sra.ebi.ac.uk/vol1/fastq/SRR691/004/SRR6915094/SRR6915094_1.fastq.gz;ftp.sra.ebi.ac.uk/vol1/fastq/SRR691/004/SRR6915094/SRR6915094_2.fastq.gz	0220f49737fce1a7f4980c57ee44c8f7;fa9ba7a7358135f2243c940fc026a9a1	3162184066;3227054194		MIMS Environmental/Metagenome sample from human gut metagenome
SRR6915100	PRJNA447983	SAMN08814043	SRS3104963	VF206	SRX3862910	VF206	PAIRED	WGS	METAGENOMIC	ILLUMINA	Illumina HiSeq 2500	40567468	8069908204	ftp.sra.ebi.ac.uk/vol1/fastq/SRR691/000/SRR6915100/SRR6915100_1.fastq.gz;ftp.sra.ebi.ac.uk/vol1/fastq/SRR691/000/SRR6915100/SRR6915100_2.fastq.gz	613fb95c251b8dee23ce63e4fcf87f0a;e218143bf7253ed09f667cf4e1548b50	2588894864;2607956975		MIMS Environmental/Metagenome sample from human gut metagenome
SRR6915102	PRJNA447983	SAMN08814030	SRS3104962	VF234	SRX3862908	VF234	PAIRED	WGS	METAGENOMIC	ILLUMINA	Illumina HiSeq 2500	29674203	5894505490	ftp.sra.ebi.ac.uk/vol1/fastq/SRR691/002/SRR6915102/SRR6915102_1.fastq.gz;ftp.sra.ebi.ac.uk/vol1/fastq/SRR691/002/SRR6915102/SRR6915102_2.fastq.gz	3735f7f2502a6fda81f7fe6d2d4fe4b7;050cfb69ca97345d7dadcb737ced8934	1924581681;1970588699		MIMS Environmental/Metagenome sample from human gut metagenome
SRR6915103	PRJNA447983	SAMN08813971	SRS3104961	SBJ27C	SRX3862907	SBJ27C	PAIRED	WGS	METAGENOMIC	ILLUMINA	Illumina HiSeq 2500	17661211	3502120927	ftp.sra.ebi.ac.uk/vol1/fastq/SRR691/003/SRR6915103/SRR6915103_1.fastq.gz;ftp.sra.ebi.ac.uk/vol1/fastq/SRR691/003/SRR6915103/SRR6915103_2.fastq.gz	105a35c8c97f5b49b447127149794d6e;292b9be6131125b497db2cb95c9c1912	1157015913;1140393131		MIMS Environmental/Metagenome sample from human gut metagenome
SRR6915115	PRJNA447983	SAMN08813998	SRS3104946	VF166	SRX3862895	VF166	PAIRED	WGS	METAGENOMIC	ILLUMINA	Illumina HiSeq 2500	13853879	2751055252	ftp.sra.ebi.ac.uk/vol1/fastq/SRR691/005/SRR6915115/SRR6915115_1.fastq.gz;ftp.sra.ebi.ac.uk/vol1/fastq/SRR691/005/SRR6915115/SRR6915115_2.fastq.gz	8f1f2888a6763f0fa8172f60751f5f4c;acfb4011e622a04e5e4f4ea9aebf90ea	894731930;923662949		MIMS Environmental/Metagenome sample from human gut metagenome
SRR6915116	PRJNA447983	SAMN08814042	SRS3104950	VF170	SRX3862894	VF170	PAIRED	WGS	METAGENOMIC	ILLUMINA	Illumina HiSeq 2500	19702078	3902857335	ftp.sra.ebi.ac.uk/vol1/fastq/SRR691/006/SRR6915116/SRR6915116_1.fastq.gz;ftp.sra.ebi.ac.uk/vol1/fastq/SRR691/006/SRR6915116/SRR6915116_2.fastq.gz	1bb73f80be50189b8e42bc5170b78e10;73e1ee59dc4d837ac9b8e3ae70a62137	1392385297;1274156474		MIMS Environmental/Metagenome sample from human gut metagenome
SRR6915120	PRJNA447983	SAMN08814000	SRS3104944	VF176	SRX3862890	VF176	PAIRED	WGS	METAGENOMIC	ILLUMINA	Illumina HiSeq 2500	12184945	2421623709	ftp.sra.ebi.ac.uk/vol1/fastq/SRR691/000/SRR6915120/SRR6915120_1.fastq.gz;ftp.sra.ebi.ac.uk/vol1/fastq/SRR691/000/SRR6915120/SRR6915120_2.fastq.gz	1d9d1e743d4a1049b572c2ed97c615a9;83be74ae4dcd9aa1617bd64dea78a273	783673804;809081059		MIMS Environmental/Metagenome sample from human gut metagenome
SRR6915130	PRJNA447983	SAMN08813959	SRS3104935	SBJ51C	SRX3862880	SBJ51C	PAIRED	WGS	METAGENOMIC	ILLUMINA	Illumina HiSeq 2500	11693451	2322991771	ftp.sra.ebi.ac.uk/vol1/fastq/SRR691/000/SRR6915130/SRR6915130_1.fastq.gz;ftp.sra.ebi.ac.uk/vol1/fastq/SRR691/000/SRR6915130/SRR6915130_2.fastq.gz	de9b64faa233149896e030c15486a7bb;f91ed7203c074047c9cf52c27064794f	760986919;776988885		MIMS Environmental/Metagenome sample from human gut metagenome
SRR6915137	PRJNA447983	SAMN08814017	SRS3104923	VF65	SRX3862873	VF65	PAIRED	WGS	METAGENOMIC	ILLUMINA	Illumina HiSeq 2500	13043790	2582342536	ftp.sra.ebi.ac.uk/vol1/fastq/SRR691/007/SRR6915137/SRR6915137_1.fastq.gz;ftp.sra.ebi.ac.uk/vol1/fastq/SRR691/007/SRR6915137/SRR6915137_2.fastq.gz	56976e23e9da4ff701b0e955c5672599;a057bdd00b9533d9e0e562f3156d8112	843540100;855498890		MIMS Environmental/Metagenome sample from human gut metagenome
SRR6915140	PRJNA447983	SAMN08814014	SRS3104924	VF55	SRX3862870	VF55	PAIRED	WGS	METAGENOMIC	ILLUMINA	Illumina HiSeq 2500	20721316	4123024408	ftp.sra.ebi.ac.uk/vol1/fastq/SRR691/000/SRR6915140/SRR6915140_1.fastq.gz;ftp.sra.ebi.ac.uk/vol1/fastq/SRR691/000/SRR6915140/SRR6915140_2.fastq.gz	4dc24f645bae933e141fc9fe10ffe5e4;45005aecb998fc1435260e4076eb0fe8	1329557180;1351625485		MIMS Environmental/Metagenome sample from human gut metagenome
SRR6915144	PRJNA447983	SAMN08814010	SRS3104921	VF40	SRX3862866	VF40	PAIRED	WGS	METAGENOMIC	ILLUMINA	Illumina HiSeq 2500	26598664	5283084792	ftp.sra.ebi.ac.uk/vol1/fastq/SRR691/004/SRR6915144/SRR6915144_1.fastq.gz;ftp.sra.ebi.ac.uk/vol1/fastq/SRR691/004/SRR6915144/SRR6915144_2.fastq.gz	ba8e6523fdf63626bf774f5509c4618d;d2279e561627247599c270e00f09cf01	1729203538;1768711264		MIMS Environmental/Metagenome sample from human gut metagenome
SRR6915150	PRJNA447983	SAMN08813951	SRS3104915	SBJ35C	SRX3862860	SBJ35C	PAIRED	WGS	METAGENOMIC	ILLUMINA	Illumina HiSeq 2500	20527122	4061843135	ftp.sra.ebi.ac.uk/vol1/fastq/SRR691/000/SRR6915150/SRR6915150_1.fastq.gz;ftp.sra.ebi.ac.uk/vol1/fastq/SRR691/000/SRR6915150/SRR6915150_2.fastq.gz	e139d6951d60a3297e4759b9753e8eae;3e4b9a6ad1b48eb866056b352eacb8b1	1323864006;1309791152		MIMS Environmental/Metagenome sample from human gut metagenome
SRR6915154	PRJNA447983	SAMN08813924	SRS3104911	SBJ31C	SRX3862856	SBJ31C	PAIRED	WGS	METAGENOMIC	ILLUMINA	Illumina HiSeq 2500	6347200	1258441499	ftp.sra.ebi.ac.uk/vol1/fastq/SRR691/004/SRR6915154/SRR6915154_1.fastq.gz;ftp.sra.ebi.ac.uk/vol1/fastq/SRR691/004/SRR6915154/SRR6915154_2.fastq.gz	a8a9fc59d00e2d19c89315be0a488d6e;42637711f2eac9ed1a94a3a9273ac2d9	412690420;408536102		MIMS Environmental/Metagenome sample from human gut metagenome
SRR6915167	PRJNA447983	SAMN08813932	SRS3104898	SBJ78H	SRX3862843	SBJ78H	PAIRED	WGS	METAGENOMIC	ILLUMINA	Illumina HiSeq 2500	11297070	2246421841	ftp.sra.ebi.ac.uk/vol1/fastq/SRR691/007/SRR6915167/SRR6915167_1.fastq.gz;ftp.sra.ebi.ac.uk/vol1/fastq/SRR691/007/SRR6915167/SRR6915167_2.fastq.gz	c9d3b84a056e0287202a53f5d21010e1;0c332d072fb186330ec7c58ece6322f0	738860502;742765643		MIMS Environmental/Metagenome sample from human gut metagenome
SRR6915170	PRJNA447983	SAMN08813976	SRS3104895	SBJ74H	SRX3862840	SBJ74H	PAIRED	WGS	METAGENOMIC	ILLUMINA	Illumina HiSeq 2500	14405150	2863592421	ftp.sra.ebi.ac.uk/vol1/fastq/SRR691/000/SRR6915170/SRR6915170_1.fastq.gz;ftp.sra.ebi.ac.uk/vol1/fastq/SRR691/000/SRR6915170/SRR6915170_2.fastq.gz	2559769109c557047280321b0532a442;08cc27ce80a7acf98b1691b8a82a1ab6	951002855;952196006		MIMS Environmental/Metagenome sample from human gut metagenome
SRR6915171	PRJNA447983	SAMN08813972	SRS3104894	SBJ82H	SRX3862839	SBJ82H	PAIRED	WGS	METAGENOMIC	ILLUMINA	Illumina HiSeq 2500	18171212	3613264754	ftp.sra.ebi.ac.uk/vol1/fastq/SRR691/001/SRR6915171/SRR6915171_1.fastq.gz;ftp.sra.ebi.ac.uk/vol1/fastq/SRR691/001/SRR6915171/SRR6915171_2.fastq.gz	287b1303b322ce4749cc272b1fe7946f;e5ff2b335f12f12746f6e0bc53a792a8	1185366376;1191459583		MIMS Environmental/Metagenome sample from human gut metagenome
SRR6915183	PRJNA447983	SAMN08813945	SRS3104883	SBJ02C	SRX3862827	SBJ02C	PAIRED	WGS	METAGENOMIC	ILLUMINA	Illumina HiSeq 2500	21061322	4172656669	ftp.sra.ebi.ac.uk/vol1/fastq/SRR691/003/SRR6915183/SRR6915183_1.fastq.gz;ftp.sra.ebi.ac.uk/vol1/fastq/SRR691/003/SRR6915183/SRR6915183_2.fastq.gz	126021392fc8d07619f7125f0ed40327;525d168bb4fcc66b32c0602f9b920f51	1361532014;1364822645		MIMS Environmental/Metagenome sample from human gut metagenome
SRR6915194	PRJNA447983	SAMN08814040	SRS3104871	VF259	SRX3862816	VF259	PAIRED	WGS	METAGENOMIC	ILLUMINA	Illumina HiSeq 2500	13225377	2624794425	ftp.sra.ebi.ac.uk/vol1/fastq/SRR691/004/SRR6915194/SRR6915194_1.fastq.gz;ftp.sra.ebi.ac.uk/vol1/fastq/SRR691/004/SRR6915194/SRR6915194_2.fastq.gz	475d4485d5d0bd382d7ccf9f9dfac5de;9cee4298042297f88423f40475e656d2	829899979;828907503		MIMS Environmental/Metagenome sample from human gut metagenome
SRR6915201	PRJNA447983	SAMN08814032	SRS3104864	VF273	SRX3862809	VF273	PAIRED	WGS	METAGENOMIC	ILLUMINA	Illumina HiSeq 2500	13992726	2780984782	ftp.sra.ebi.ac.uk/vol1/fastq/SRR691/001/SRR6915201/SRR6915201_1.fastq.gz;ftp.sra.ebi.ac.uk/vol1/fastq/SRR691/001/SRR6915201/SRR6915201_2.fastq.gz	65e57c13619feeb56fe355517083fb1e;d7dcbc44f99e7c4dfba70cecc1d44198	907715966;922052325		MIMS Environmental/Metagenome sample from human gut metagenome
SRR6915205	PRJNA447983	SAMN08814006	SRS3104861	VF32	SRX3862805	VF32	PAIRED	WGS	METAGENOMIC	ILLUMINA	Illumina HiSeq 2500	13642657	2713905711	ftp.sra.ebi.ac.uk/vol1/fastq/SRR691/005/SRR6915205/SRR6915205_1.fastq.gz;ftp.sra.ebi.ac.uk/vol1/fastq/SRR691/005/SRR6915205/SRR6915205_2.fastq.gz	acc857ae385f7ffd33fc05fee7b1311e;d44956b1b49c28112bde7f74c676ba47	873630530;892815525		MIMS Environmental/Metagenome sample from human gut metagenome
SRR6915214	PRJNA447983	SAMN08813992	SRS3104850	VF102	SRX3862796	VF102	PAIRED	WGS	METAGENOMIC	ILLUMINA	Illumina HiSeq 2500	15869832	3156570522	ftp.sra.ebi.ac.uk/vol1/fastq/SRR691/004/SRR6915214/SRR6915214_1.fastq.gz;ftp.sra.ebi.ac.uk/vol1/fastq/SRR691/004/SRR6915214/SRR6915214_2.fastq.gz	bbd3046fd2d7a4f9ebf52239541e5802;37e5e114cdef3561e5d3f18a98826a96	1018960718;1038098696		MIMS Environmental/Metagenome sample from human gut metagenome
SRR6915221	PRJNA447983	SAMN08813988	SRS3104844	VF04	SRX3862789	VF04	PAIRED	WGS	METAGENOMIC	ILLUMINA	Illumina HiSeq 2500	30769697	6100609609	ftp.sra.ebi.ac.uk/vol1/fastq/SRR691/001/SRR6915221/SRR6915221_1.fastq.gz;ftp.sra.ebi.ac.uk/vol1/fastq/SRR691/001/SRR6915221/SRR6915221_2.fastq.gz	a2ae485e6bc9f3cc2e33664642cb0c6e;cf7453f1bdba34e58d5f1697e8a85714	1993021206;2017374697		MIMS Environmental/Metagenome sample from human gut metagenome
SRR6915224	PRJNA447983	SAMN08813983	SRS3104841	GF16	SRX3862786	GF16	PAIRED	WGS	METAGENOMIC	ILLUMINA	Illumina HiSeq 2500	20847453	4150145791	ftp.sra.ebi.ac.uk/vol1/fastq/SRR691/004/SRR6915224/SRR6915224_1.fastq.gz;ftp.sra.ebi.ac.uk/vol1/fastq/SRR691/004/SRR6915224/SRR6915224_2.fastq.gz	94c630d5b18a5aa6ef7130e79736c4bb;0ce010ebcbf649d28e8c63370c879abb	1329108774;1341967039		MIMS Environmental/Metagenome sample from human gut metagenome
SRR6915229	PRJNA447983	SAMN08813984	SRS3104837	GF17	SRX3862781	GF17	PAIRED	WGS	METAGENOMIC	ILLUMINA	Illumina HiSeq 2500	15615437	3091593783	ftp.sra.ebi.ac.uk/vol1/fastq/SRR691/009/SRR6915229/SRR6915229_1.fastq.gz;ftp.sra.ebi.ac.uk/vol1/fastq/SRR691/009/SRR6915229/SRR6915229_2.fastq.gz	32411c0d00485734c4dbae5537b7dbf2;34ac769617ac6978858a2721bbf9990c	1013612271;1035532494		MIMS Environmental/Metagenome sample from human gut metagenome
SRR6915093	PRJNA447983	SAMN08814037	SRS3104971	VF232	SRX3862917	VF232	PAIRED	WGS	METAGENOMIC	ILLUMINA	Illumina HiSeq 2500	11264060	2238831799	ftp.sra.ebi.ac.uk/vol1/fastq/SRR691/003/SRR6915093/SRR6915093_1.fastq.gz;ftp.sra.ebi.ac.uk/vol1/fastq/SRR691/003/SRR6915093/SRR6915093_2.fastq.gz	fc534a0151e9f218959173d6fd57c122;0d580ab2625281e399959f525697ec33	729800540;743513224		MIMS Environmental/Metagenome sample from human gut metagenome
SRR6915107	PRJNA447983	SAMN08813949	SRS3104956	SBJ22C	SRX3862903	SBJ22C	PAIRED	WGS	METAGENOMIC	ILLUMINA	Illumina HiSeq 2500	11359926	2249748272	ftp.sra.ebi.ac.uk/vol1/fastq/SRR691/007/SRR6915107/SRR6915107_1.fastq.gz;ftp.sra.ebi.ac.uk/vol1/fastq/SRR691/007/SRR6915107/SRR6915107_2.fastq.gz	8b61c4e287d0a0a09257f55bfc62d6d8;72afe59ad6bf044d9e59544c44ebc56e	733021999;726502079		MIMS Environmental/Metagenome sample from human gut metagenome
SRR6915111	PRJNA447983	SAMN08813955	SRS3104953	SBJ17H	SRX3862899	SBJ17H	PAIRED	WGS	METAGENOMIC	ILLUMINA	Illumina HiSeq 2500	35522909	7070005093	ftp.sra.ebi.ac.uk/vol1/fastq/SRR691/001/SRR6915111/SRR6915111_1.fastq.gz;ftp.sra.ebi.ac.uk/vol1/fastq/SRR691/001/SRR6915111/SRR6915111_2.fastq.gz	3a02c5018a00a3a4d9a69f45b759cdf8;34363ff8298dbb4f51d1873dc22f2f24	2301742491;2290021738		MIMS Environmental/Metagenome sample from human gut metagenome
SRR6915117	PRJNA447983	SAMN08813947	SRS3104949	SBJ73H	SRX3862893	SBJ73H	PAIRED	WGS	METAGENOMIC	ILLUMINA	Illumina HiSeq 2500	23114201	4594875126	ftp.sra.ebi.ac.uk/vol1/fastq/SRR691/007/SRR6915117/SRR6915117_1.fastq.gz;ftp.sra.ebi.ac.uk/vol1/fastq/SRR691/007/SRR6915117/SRR6915117_2.fastq.gz	64c23813bd32a8a244963d6ee8989b0e;cfd785c571802495d8f97267b4969f36	1549542343;1517788042		MIMS Environmental/Metagenome sample from human gut metagenome
SRR6915124	PRJNA447983	SAMN08814002	SRS3104942	VF197	SRX3862886	VF197	PAIRED	WGS	METAGENOMIC	ILLUMINA	Illumina HiSeq 2500	15106313	3001417218	ftp.sra.ebi.ac.uk/vol1/fastq/SRR691/004/SRR6915124/SRR6915124_1.fastq.gz;ftp.sra.ebi.ac.uk/vol1/fastq/SRR691/004/SRR6915124/SRR6915124_2.fastq.gz	844eb9387fde4c786c4bb457565b2196;6b2cc4166deae3fcf95ca5b5b7b1ce45	975106238;995497378		MIMS Environmental/Metagenome sample from human gut metagenome
SRR6915125	PRJNA447983	SAMN08813930	SRS3104939	SBJ61C	SRX3862885	SBJ61C	PAIRED	WGS	METAGENOMIC	ILLUMINA	Illumina HiSeq 2500	30201578	6000296678	ftp.sra.ebi.ac.uk/vol1/fastq/SRR691/005/SRR6915125/SRR6915125_1.fastq.gz;ftp.sra.ebi.ac.uk/vol1/fastq/SRR691/005/SRR6915125/SRR6915125_2.fastq.gz	51cc6ceb11b0793bc64b870cc0e1df4c;2609d17a3e97dbbe81c21b479a2763dd	1948627406;1976001540		MIMS Environmental/Metagenome sample from human gut metagenome
SRR6915126	PRJNA447983	SAMN08813937	SRS3104937	SBJ63H	SRX3862884	SBJ63H	PAIRED	WGS	METAGENOMIC	ILLUMINA	Illumina HiSeq 2500	40561845	8053932609	ftp.sra.ebi.ac.uk/vol1/fastq/SRR691/006/SRR6915126/SRR6915126_1.fastq.gz;ftp.sra.ebi.ac.uk/vol1/fastq/SRR691/006/SRR6915126/SRR6915126_2.fastq.gz	0778e26e47e48968be173f86f9399abd;aa2622565d569679f1434b22aa4630e1	2647199587;2686011840		MIMS Environmental/Metagenome sample from human gut metagenome
SRR6915132	PRJNA447983	SAMN08813961	SRS3104933	SBJ42C	SRX3862878	SBJ42C	PAIRED	WGS	METAGENOMIC	ILLUMINA	Illumina HiSeq 2500	28622410	5690844677	ftp.sra.ebi.ac.uk/vol1/fastq/SRR691/002/SRR6915132/SRR6915132_1.fastq.gz;ftp.sra.ebi.ac.uk/vol1/fastq/SRR691/002/SRR6915132/SRR6915132_2.fastq.gz	9ff218a042782c8d820d2ae85067fa36;f02aa8f69549c8e16891464dcc755b73	1866307820;1869163983		MIMS Environmental/Metagenome sample from human gut metagenome
SRR6915148	PRJNA447983	SAMN08813927	SRS3104917	SBJ37H	SRX3862862	SBJ37H	PAIRED	WGS	METAGENOMIC	ILLUMINA	Illumina HiSeq 2500	5068191	1003601057	ftp.sra.ebi.ac.uk/vol1/fastq/SRR691/008/SRR6915148/SRR6915148_1.fastq.gz;ftp.sra.ebi.ac.uk/vol1/fastq/SRR691/008/SRR6915148/SRR6915148_2.fastq.gz	084664bd12165579a2150cae59baa496;0d126289d608b2631ead40f9f3469885	325623492;322230574		MIMS Environmental/Metagenome sample from human gut metagenome
SRR6915158	PRJNA447983	SAMN08814026	SRS3104907	VF95	SRX3862852	VF95	PAIRED	WGS	METAGENOMIC	ILLUMINA	Illumina HiSeq 2500	12795796	2544705351	ftp.sra.ebi.ac.uk/vol1/fastq/SRR691/008/SRR6915158/SRR6915158_1.fastq.gz;ftp.sra.ebi.ac.uk/vol1/fastq/SRR691/008/SRR6915158/SRR6915158_2.fastq.gz	1b9afec468e53fd7edf8ea6011050b13;59f1392889282bc0983b2f4a21ccbe4d	838310945;842479215		MIMS Environmental/Metagenome sample from human gut metagenome
SRR6915160	PRJNA447983	SAMN08814021	SRS3104905	VF71	SRX3862850	VF71	PAIRED	WGS	METAGENOMIC	ILLUMINA	Illumina HiSeq 2500	19011695	3767584131	ftp.sra.ebi.ac.uk/vol1/fastq/SRR691/000/SRR6915160/SRR6915160_1.fastq.gz;ftp.sra.ebi.ac.uk/vol1/fastq/SRR691/000/SRR6915160/SRR6915160_2.fastq.gz	9b9537ef709666c05d23adbb06d5af13;05f9267b330895672ad99f9f4e4c9464	1339682512;1223109614		MIMS Environmental/Metagenome sample from human gut metagenome
SRR6915163	PRJNA447983	SAMN08814025	SRS3104902	VF90	SRX3862847	VF90	PAIRED	WGS	METAGENOMIC	ILLUMINA	Illumina HiSeq 2500	17388855	3460005865	ftp.sra.ebi.ac.uk/vol1/fastq/SRR691/003/SRR6915163/SRR6915163_1.fastq.gz;ftp.sra.ebi.ac.uk/vol1/fastq/SRR691/003/SRR6915163/SRR6915163_2.fastq.gz	1521247ef7c391b7b952b05772fab4ad;cb66b0aef451aa846ffdcdabf0098ae3	1115371840;1124084880		MIMS Environmental/Metagenome sample from human gut metagenome
SRR6915175	PRJNA447983	SAMN08813969	SRS3104890	SBJ84H	SRX3862835	SBJ84H	PAIRED	WGS	METAGENOMIC	ILLUMINA	Illumina HiSeq 2500	18771174	3730230606	ftp.sra.ebi.ac.uk/vol1/fastq/SRR691/005/SRR6915175/SRR6915175_1.fastq.gz;ftp.sra.ebi.ac.uk/vol1/fastq/SRR691/005/SRR6915175/SRR6915175_2.fastq.gz	0b4ff402740c7ffc3d3806f76c66ff9e;a81e7838361c7bd8d127254a02f157c7	1223597509;1220789096		MIMS Environmental/Metagenome sample from human gut metagenome
SRR6915180	PRJNA447983	SAMN08813967	SRS3104885	SBJ05C	SRX3862830	SBJ05C	PAIRED	WGS	METAGENOMIC	ILLUMINA	Illumina HiSeq 2500	21750526	4307730812	ftp.sra.ebi.ac.uk/vol1/fastq/SRR691/000/SRR6915180/SRR6915180_1.fastq.gz;ftp.sra.ebi.ac.uk/vol1/fastq/SRR691/000/SRR6915180/SRR6915180_2.fastq.gz	17936b49f3cf4f0bdf008705cf39c9ca;fea2abb14155c623adc1deb8f19fb76c	1375542231;1391121550		MIMS Environmental/Metagenome sample from human gut metagenome
SRR6915185	PRJNA447983	SAMN08813936	SRS3104880	SBJ04C	SRX3862825	SBJ04C	PAIRED	WGS	METAGENOMIC	ILLUMINA	Illumina HiSeq 2500	17414743	3449968979	ftp.sra.ebi.ac.uk/vol1/fastq/SRR691/005/SRR6915185/SRR6915185_1.fastq.gz;ftp.sra.ebi.ac.uk/vol1/fastq/SRR691/005/SRR6915185/SRR6915185_2.fastq.gz	10dc7038f138ada01f10f94d8804a08c;61b6e6230481b55c22f5d1a843734916	1101942026;1118127838		MIMS Environmental/Metagenome sample from human gut metagenome
SRR6915188	PRJNA447983	SAMN08814028	SRS3104877	VF270	SRX3862822	VF270	PAIRED	WGS	METAGENOMIC	ILLUMINA	Illumina HiSeq 2500	17823979	3546464398	ftp.sra.ebi.ac.uk/vol1/fastq/SRR691/008/SRR6915188/SRR6915188_1.fastq.gz;ftp.sra.ebi.ac.uk/vol1/fastq/SRR691/008/SRR6915188/SRR6915188_2.fastq.gz	564318a4d5f8ef728bb849871a5261dc;591963b23820fb1b6d8715e3323997aa	1142347679;1157211469		MIMS Environmental/Metagenome sample from human gut metagenome
SRR6915190	PRJNA447983	SAMN08814038	SRS3104875	VF264	SRX3862820	VF264	PAIRED	WGS	METAGENOMIC	ILLUMINA	Illumina HiSeq 2500	45669882	9084962108	ftp.sra.ebi.ac.uk/vol1/fastq/SRR691/000/SRR6915190/SRR6915190_1.fastq.gz;ftp.sra.ebi.ac.uk/vol1/fastq/SRR691/000/SRR6915190/SRR6915190_2.fastq.gz	a8b151830c7544f8c6b4310af08286cd;86f0f62d24875cc86613143175e4a1b5	2924242724;2965440794		MIMS Environmental/Metagenome sample from human gut metagenome
SRR6915196	PRJNA447983	SAMN08813970	SRS3104870	SBJ65H	SRX3862814	SBJ65H	PAIRED	WGS	METAGENOMIC	ILLUMINA	Illumina HiSeq 2500	19492148	3870645130	ftp.sra.ebi.ac.uk/vol1/fastq/SRR691/006/SRR6915196/SRR6915196_1.fastq.gz;ftp.sra.ebi.ac.uk/vol1/fastq/SRR691/006/SRR6915196/SRR6915196_2.fastq.gz	6483a8ad3e909b44ea9265be7c12bc43;500e4e631c53c53a2e7933cf675ebc53	1263504130;1284890458		MIMS Environmental/Metagenome sample from human gut metagenome
SRR6915198	PRJNA447983	SAMN08813950	SRS3104866	SBJ68H	SRX3862812	SBJ68H	PAIRED	WGS	METAGENOMIC	ILLUMINA	Illumina HiSeq 2500	10471460	2081182055	ftp.sra.ebi.ac.uk/vol1/fastq/SRR691/008/SRR6915198/SRR6915198_1.fastq.gz;ftp.sra.ebi.ac.uk/vol1/fastq/SRR691/008/SRR6915198/SRR6915198_2.fastq.gz	bf4e79d24fd8e8c45ab6619907cff189;917e942e53cf610a9de82111ca8eaf28	687549375;689754184		MIMS Environmental/Metagenome sample from human gut metagenome
SRR6915199	PRJNA447983	SAMN08813920	SRS3104867	SBJ57H	SRX3862811	SBJ57H	PAIRED	WGS	METAGENOMIC	ILLUMINA	Illumina HiSeq 2500	20829102	4136217301	ftp.sra.ebi.ac.uk/vol1/fastq/SRR691/009/SRR6915199/SRR6915199_1.fastq.gz;ftp.sra.ebi.ac.uk/vol1/fastq/SRR691/009/SRR6915199/SRR6915199_2.fastq.gz	ff8458a4f8b39fd80372e032feb63b86;36b45529edabcae5bed20055cb4be746	1361337693;1379070872		MIMS Environmental/Metagenome sample from human gut metagenome
SRR6915200	PRJNA447983	SAMN08813952	SRS3104865	SBJ60H	SRX3862810	SBJ60H	PAIRED	WGS	METAGENOMIC	ILLUMINA	Illumina HiSeq 2500	51537802	10241209234	ftp.sra.ebi.ac.uk/vol1/fastq/SRR691/000/SRR6915200/SRR6915200_1.fastq.gz;ftp.sra.ebi.ac.uk/vol1/fastq/SRR691/000/SRR6915200/SRR6915200_2.fastq.gz	619b1de4ef33149f6d1c47a726f4a98f;7e05584fb558d5e5dcf0342f0bca4743	3323739614;3367104851		MIMS Environmental/Metagenome sample from human gut metagenome
SRR6915208	PRJNA447983	SAMN08814034	SRS3104857	VF281	SRX3862802	VF281	PAIRED	WGS	METAGENOMIC	ILLUMINA	Illumina HiSeq 2500	32597546	6483930476	ftp.sra.ebi.ac.uk/vol1/fastq/SRR691/008/SRR6915208/SRR6915208_1.fastq.gz;ftp.sra.ebi.ac.uk/vol1/fastq/SRR691/008/SRR6915208/SRR6915208_2.fastq.gz	5ee2ed88172813f9eb56da5a45ac2419;ae3dee16b3afcc260083aad902e31582	2099433586;2142520139		MIMS Environmental/Metagenome sample from human gut metagenome
SRR6915220	PRJNA447983	SAMN08813996	SRS3104846	VF145	SRX3862790	VF145	PAIRED	WGS	METAGENOMIC	ILLUMINA	Illumina HiSeq 2500	19743197	3923094695	ftp.sra.ebi.ac.uk/vol1/fastq/SRR691/000/SRR6915220/SRR6915220_1.fastq.gz;ftp.sra.ebi.ac.uk/vol1/fastq/SRR691/000/SRR6915220/SRR6915220_2.fastq.gz	a183286bbf1cc57d06dbe0bcf6e38bcd;f9a0e4a26888144e5d4c9aef24fcf313	1261865483;1302264333		MIMS Environmental/Metagenome sample from human gut metagenome
SRR6915227	PRJNA447983	SAMN08813986	SRS3104840	VF00TL	SRX3862783	VF00TL	PAIRED	WGS	METAGENOMIC	ILLUMINA	Illumina HiSeq 2500	49263090	9757105527	ftp.sra.ebi.ac.uk/vol1/fastq/SRR691/007/SRR6915227/SRR6915227_1.fastq.gz;ftp.sra.ebi.ac.uk/vol1/fastq/SRR691/007/SRR6915227/SRR6915227_2.fastq.gz	cacdf7c019829fcc10d7b93aa087c243;736a0875289602e6859b16a94e7c04a3	3184032937;3216947036		MIMS Environmental/Metagenome sample from human gut metagenome
