source_occurrence_id	viral_sequence_id	candidate_id	assembly_id	biological_sample_id	votu_id	membership_status	source_kind	candidate_type	original_contig_id	contig_id	start0	end0	strand	length	sequence_sha256	source_fasta	source_fasta_sha256	source_slice_verification	contig_length	touches_contig_start	touches_contig_end	caller_topology	virus_score	fdr	n_genes	n_hallmarks	marker_enrichment	integration_evidence	boundary_confidence	checkv_status	checkv_provirus	checkv_proviral_length	checkv_gene_count	checkv_viral_genes	checkv_host_genes	checkv_quality	checkv_miuvig_quality	completeness	completeness_method	contamination	checkv_kmer_freq	checkv_warnings	left_flank_start0	left_flank_end0	left_flank_bp	left_flank_sha256	right_flank_start0	right_flank_end0	right_flank_bp	right_flank_sha256	flank_annotation_status	flank_annotation_file	left_flank_gene_count	right_flank_gene_count	left_host_marker_count	right_host_marker_count	left_host_marker_evidence	right_host_marker_evidence	two_sided_host_marker_evidence	provisional_evidence_label	att_site_evidence	junction_read_evidence	inducibility_evidence
occ_08e996accf5fe836e10b466c1a435239	vs_c8d341241fbfd2ad23111b71082b9757f62be45fa69157f5a9388448b5c076d2	ph_g031d3a6152feabe61cb5_e40b76e6955c30800573afe598f3bdf0	SID31866_assembly	SID31866	votu_5695052a1f69a6504506	member	metagenome_assembly	provirus_locus	SID31866_assembly__4e6c0c0b8d426795fa30__64a55b96	g031d3a6152feabe61cb5_cfe5b9432286b4d4a907d1fa0	50132	110854	+	60722	c8d341241fbfd2ad23111b71082b9757f62be45fa69157f5a9388448b5c076d2	/srv/CRC-PHIRE/analysis1/05_assemblies/engineering14_v2/SID31866/assemblies/units/SID31866_assembly/assembly.fna	73a5f2ec7a1fbdad21d5df690440b9e45aa63cb0298befa48d84341c4454e081	verified_this_run	155055	false	false	Provirus	0.9792	NA	78	8	108.6657	caller_predicted_provirus_locus	caller_only_not_independently_validated	completed	No	NA	78	14	3	High-quality	High-quality	100.0	AAI-based (high-confidence)	0.0	1.0		45132	50132	5000	4d59f01357ea42ffd5119177acd706bc226dc458698a86fdfd7f271cf0993c55	110854	115854	5000	3a26522847e7d2dd73369751503b8aae833436fe3206dfa3fb9fa8cac5da6ca6	assessed_caller_annotations	/srv/CRC-PHIRE/analysis1/06_viral_catalog/discovery/pilot4_primary/samples/SID31866_assembly/raw/genomad/SID31866_assembly/genome_annotate/genome_genes.tsv	3	3	0	1	false	true	false	caller_predicted_provirus_only	not_assessed	not_assessed	not_assessed
occ_d7dde24df458f46ad9e30868fa119f86	vs_920b56de702e64ad3653507454872013f24703eb4d594fc1c3c26d325a4439a0	ph_gf25fb8f3fa5b05fa0108_619ddecba36bf2fe6234cd018c5c1331	SID531469_assembly	SID531469	votu_86ba0d902f940027a6e2	representative	metagenome_assembly	provirus_locus	SID531469_assembly__7ddaf5a7bee67c976332__85281ecf	gf25fb8f3fa5b05fa0108_c811e2b5dd7d1c8f19a03f0dc	36904	78216	+	41312	920b56de702e64ad3653507454872013f24703eb4d594fc1c3c26d325a4439a0	/srv/CRC-PHIRE/analysis1/05_assemblies/engineering2_v1/SID531469/assemblies/units/SID531469_assembly/assembly.fna	67e3a3e072d68a4febba3526e500953a35e02d5bab3854d7eb7f9d907abe25f2	verified_this_run	101085	false	false	Provirus	0.9785	NA	44	8	65.8679	caller_predicted_provirus_locus	caller_only_not_independently_validated	completed	No	NA	40	8	2	High-quality	High-quality	96.45	AAI-based (high-confidence)	0.0	1.0		31904	36904	5000	95e6761c423468b8b47e423fc6ccc010f769b8ff0a0ef2919a1ad1ba9b2485bb	78216	83216	5000	9a40d2766a76954fa14d9be6630ee7f86becc560798c030e7ad50e741d3586dd	assessed_caller_annotations	/srv/CRC-PHIRE/analysis1/06_viral_catalog/discovery/engineering2_v2/assemblies/SID531469_assembly/geNomad/SID531469_assembly/genome_annotate/genome_genes.tsv	2	3	1	0	true	false	false	caller_predicted_provirus_only	not_assessed	not_assessed	not_assessed
occ_2388167839633c2d9f582f5784b20559	vs_681c93afcaf684facdb834738316c29924041693c08d9a2218754b964319f2bf	ph_gf25fb8f3fa5b05fa0108_01bbd469b1ae44e469dbbd7cb4163074	SID531469_assembly	SID531469	votu_f4e436972332597c4c13	representative	metagenome_assembly	provirus_locus	SID531469_assembly__06c1f951d7780db5fb89__2794f5a2	gf25fb8f3fa5b05fa0108_c843f5fb9a3577952c4900312	12463	145504	+	133041	681c93afcaf684facdb834738316c29924041693c08d9a2218754b964319f2bf	/srv/CRC-PHIRE/analysis1/05_assemblies/engineering2_v1/SID531469/assemblies/units/SID531469_assembly/assembly.fna	67e3a3e072d68a4febba3526e500953a35e02d5bab3854d7eb7f9d907abe25f2	verified_this_run	145632	false	false	Provirus	0.7928	NA	150	3	17.1695	caller_predicted_provirus_locus	caller_only_not_independently_validated	completed	No	NA	150	7	17	High-quality	High-quality	92.87	HMM-based (lower-bound)	0.0	1.0		7463	12463	5000	100471ff1113958320ede0c3ec176dd8f720bd8f1ab516a1dab1fb507b8e447c	145504	145632	128	577f29fe50d390e448816817a6a4333dc863daedc742045f5d51be80e54bd59e	assessed_caller_annotations	/srv/CRC-PHIRE/analysis1/06_viral_catalog/discovery/engineering2_v2/assemblies/SID531469_assembly/geNomad/SID531469_assembly/genome_annotate/genome_genes.tsv	6	0	0	0	false	false	false	caller_predicted_provirus_only	not_assessed	not_assessed	not_assessed
occ_775191ee583fc0960d03a7fbfcb69103	vs_b8d086fe93e055ace97ab169cb4f4002d66e03cb69156cebd625d3d513b3a593	ph_ge067d6f09b87c8e27c04_9437137a9a0176e456c995f99849f6fb	SID530368_assembly	SID530368	votu_65214726f79917158bdf	representative	metagenome_assembly	provirus_locus	SID530368_assembly__8223ee9e412ed462f1a9__4c31948e	ge067d6f09b87c8e27c04_c6c5fcc3ac0923f4e39371206	15285	64051	+	48766	b8d086fe93e055ace97ab169cb4f4002d66e03cb69156cebd625d3d513b3a593	/srv/CRC-PHIRE/analysis1/05_assemblies/engineering14_v2/SID530368/assemblies/units/SID530368_assembly/assembly.fna	d3e25939894d1db6f2645eb9c7874ba1460e68dcdf82f71c958b7fa8603435c5	verified_this_run	64132	false	false	Provirus	0.9807	NA	71	8	87.9311	caller_predicted_provirus_locus	caller_only_not_independently_validated	completed	Yes	47212	71	13	3	High-quality	High-quality	100.0	AAI-based (high-confidence)	3.19	1.0		10285	15285	5000	207990460ab3576693f205482a1c54f8c87d436b78de0c3b3effac29fc0c3e50	64051	64132	81	6b3f280c66a3966793bf6fb10d8cdada0e36e5645157dd6e4ca845ea087589ca	assessed_caller_annotations	/srv/CRC-PHIRE/analysis1/06_viral_catalog/discovery/control4_primary/samples/SID530368_assembly/raw/genomad/SID530368_assembly/genome_annotate/genome_genes.tsv	7	0	1	0	true	false	false	caller_predicted_provirus_only	not_assessed	not_assessed	not_assessed
occ_6be703e29ecd24883ad909ad35f5c05b	vs_bc851ab39278e4f86ffa3ded2817a5840af9b46f94a7e197d3c7dab52905a93e	ph_gec9c212fba9a379a3887_43deb582dd46863b701b922242728870	SID531361_assembly	SID531361	votu_8f261682c678262feca3	representative	metagenome_assembly	provirus_locus	SID531361_assembly__33ee9c06cf38b732777f__e45c68f8	gec9c212fba9a379a3887_c9a8e38f9afb78689a0ef1e3b	18262	50842	+	32580	bc851ab39278e4f86ffa3ded2817a5840af9b46f94a7e197d3c7dab52905a93e	/srv/CRC-PHIRE/analysis1/05_assemblies/engineering14_v2/SID531361/assemblies/units/SID531361_assembly/assembly.fna	a7bd65b305ed83992cca53cdacd21f46ca6f92a319bcea41abe937fc9b86e265	verified_this_run	57483	false	false	Provirus	0.9772	NA	50	10	51.0054	caller_predicted_provirus_locus	caller_only_not_independently_validated	completed	No	NA	50	14	0	High-quality	High-quality	95.3	AAI-based (high-confidence)	0.0	1.0		13262	18262	5000	4e946d9bf3a14d155fd2cee30afb3cc9205e5bd6b7cfcd8e95a0338d4d85ca7e	50842	55842	5000	eb28160241c60d72c1e02a2ec6a940d2d43bfe9cf97685a7015834431957a194	assessed_caller_annotations	/srv/CRC-PHIRE/analysis1/06_viral_catalog/discovery/pilot4_primary/samples/SID531361_assembly/raw/genomad/SID531361_assembly/genome_annotate/genome_genes.tsv	4	7	1	2	true	true	true	caller_provirus_with_two_sided_caller_marker_context	not_assessed	not_assessed	not_assessed
occ_0b142524e8b7105403833bec66495692	vs_d99d0ce16958dcf28ef1eb3820ac1ef41361f8e14693e21d3902f280e553c161	ph_g7417bc5ef8495bee049b_cbd8066e65cb43f28cba6d634733a67f	SID31160_assembly	SID31160	votu_8f261682c678262feca3	member	metagenome_assembly	provirus_locus	SID31160_assembly__8e9deabe07e00bfeef79__b470c8ab	g7417bc5ef8495bee049b_c402cca4aeb327a90c789da81	6821	37786	+	30965	d99d0ce16958dcf28ef1eb3820ac1ef41361f8e14693e21d3902f280e553c161	/srv/CRC-PHIRE/analysis1/05_assemblies/engineering2_v1/SID31160/assemblies/units/SID31160_assembly/assembly.fna	41efce10e6c8695b55fa6fc266055fadb7059674cc0bc75c170a59cd882c9934	verified_this_run	52881	false	false	Provirus	0.9813	NA	47	10	51.2540	caller_predicted_provirus_locus	caller_only_not_independently_validated	completed	No	NA	47	14	0	High-quality	High-quality	90.53	AAI-based (high-confidence)	0.0	1.0		1821	6821	5000	2a9870dc50857c6db8d1c73f04bb0384ff45e43fb2b8d7843434248c27911243	37786	42786	5000	be53185087d533ae1ea96b336f44bb273638e2334b11ebf408097aef3af80c1f	assessed_caller_annotations	/srv/CRC-PHIRE/analysis1/06_viral_catalog/discovery/engineering2_v2/assemblies/SID31160_assembly/geNomad/SID31160_assembly/genome_annotate/genome_genes.tsv	7	7	1	2	true	true	true	caller_provirus_with_two_sided_caller_marker_context	not_assessed	not_assessed	not_assessed
occ_15e2a5845555f5aa7c49b9892c33d8c0	vs_7c1595fd549f4bb3693556d6a406319fdc4a5820541ebf8763b3eb83d002968c	ph_g7417bc5ef8495bee049b_819d06c078bd803770e34db3d372497e	SID31160_assembly	SID31160	votu_8084669c3fd935c18cd0	member	metagenome_assembly	provirus_locus	SID31160_assembly__0071c00e6a59e35299d9__8358af97	g7417bc5ef8495bee049b_cc9be9c6d7e3bddaba722cef5	54036	101633	+	47597	7c1595fd549f4bb3693556d6a406319fdc4a5820541ebf8763b3eb83d002968c	/srv/CRC-PHIRE/analysis1/05_assemblies/engineering2_v1/SID31160/assemblies/units/SID31160_assembly/assembly.fna	41efce10e6c8695b55fa6fc266055fadb7059674cc0bc75c170a59cd882c9934	verified_this_run	123059	false	false	Provirus	0.9816	NA	65	17	79.6760	caller_predicted_provirus_locus	caller_only_not_independently_validated	completed	No	NA	65	21	0	High-quality	High-quality	98.8	AAI-based (high-confidence)	0.0	1.0		49036	54036	5000	7cd3c761871193b2750e7f54c2afe2c24cf106933d9207ebfd9d3a4880c2d9b7	101633	106633	5000	4afd769363e875b693a7f7ab8c53b9121159c744c70d78ae6c496007dfd12b00	assessed_caller_annotations	/srv/CRC-PHIRE/analysis1/06_viral_catalog/discovery/engineering2_v2/assemblies/SID31160_assembly/geNomad/SID31160_assembly/genome_annotate/genome_genes.tsv	4	6	1	2	true	true	true	caller_provirus_with_two_sided_caller_marker_context	not_assessed	not_assessed	not_assessed
occ_b4e67f3b2d29b1f61f1b0047170d3348	vs_b90576c3cc503559294083993b714124903ccfd269cb00749f50d5e67148d9a0	ph_g7aa363a9a79cfb7990f2_e125a65fa5276f3acb22a9bac83b3d89	SID532796_assembly	SID532796	votu_8084669c3fd935c18cd0	member	metagenome_assembly	provirus_locus	SID532796_assembly__4cc787f92a5322fb7695__bfc25dfd	g7aa363a9a79cfb7990f2_c5ea48f51eb4c354f2fcd4104	2	47312	+	47310	b90576c3cc503559294083993b714124903ccfd269cb00749f50d5e67148d9a0	/srv/CRC-PHIRE/analysis1/05_assemblies/engineering14_v2/SID532796/assemblies/units/SID532796_assembly/assembly.fna	852f35aadad3c1974c0576bd1361f3f7d36f41bf28704ae00f01e6d0c0fb838b	verified_this_run	82952	false	false	Provirus	0.9813	NA	63	17	79.6760	caller_predicted_provirus_locus	caller_only_not_independently_validated	completed	No	NA	63	21	0	High-quality	High-quality	98.2	AAI-based (high-confidence)	0.0	1.0		0	2	2	a56362a10c816abf206d72cb914e2d5ca454eb9c7e744f88b1a1422c379e9942	47312	52312	5000	f049cbc96de67903cd0adef01a420acfe9fea1a993efbc2e1bf7dbb0a899a8f1	assessed_caller_annotations	/srv/CRC-PHIRE/analysis1/06_viral_catalog/discovery/control4_primary/samples/SID532796_assembly/raw/genomad/SID532796_assembly/genome_annotate/genome_genes.tsv	0	3	0	0	false	false	false	caller_predicted_provirus_only	not_assessed	not_assessed	not_assessed
occ_6b2c8e80f7122abb5a553e635c72195c	vs_26c6eb844e1778499708a3c6bab9bff0db2a76821ed0e6f819bc77d9beb9c2ab	ph_g3470079eeee3866d26f3_67064d47bcaf80ca992f40346dcc2d2f	SID531248_assembly	SID531248	votu_c56c34f3ca3dd9154c44	representative	metagenome_assembly	provirus_locus	SID531248_assembly__5aa71cad3cab9b31e829__eeb35eed	g3470079eeee3866d26f3_c88c670f1fbe1a394321d8891	0	42626	+	42626	26c6eb844e1778499708a3c6bab9bff0db2a76821ed0e6f819bc77d9beb9c2ab	/srv/CRC-PHIRE/analysis1/05_assemblies/engineering14_v2/SID531248/assemblies/units/SID531248_assembly/assembly.fna	e163e4d834bfd4febbe3abb22cd8e6dab44d8e933ed225e5d8b31e63f9d5f47d	verified_this_run	50782	true	false	Provirus	0.9807	NA	62	11	69.0029	caller_predicted_provirus_locus	caller_only_not_independently_validated	completed	No	NA	62	13	3	High-quality	High-quality	100.0	AAI-based (medium-confidence)	0.0	1.0		0	0	0		42626	47626	5000	8580191a6370ea588a5192593ab296ebccfed800d77fefda46fe88c5ba4d57bc	assessed_caller_annotations	/srv/CRC-PHIRE/analysis1/06_viral_catalog/discovery/pilot4_primary/samples/SID531248_assembly/raw/genomad/SID531248_assembly/genome_annotate/genome_genes.tsv	unknown	3	unknown	0	unknown	false	unknown	caller_predicted_provirus_only	not_assessed	not_assessed	not_assessed
occ_85b72a468d9043f4cb266e5def8bf0b4	vs_a80e3f540e8eff5e62b652185ad157e792ae2d322f87268fced0971f10e9a4bc	ph_g553a27a8c21ea8ad40d5_80d23695a0b317ef6a9c8503e631df03	SID530373_assembly	SID530373	votu_322e58faa1c800704db8	representative	metagenome_assembly	provirus_locus	SID530373_assembly__7140329677e4e5c8692a__13c15e26	g553a27a8c21ea8ad40d5_c0e75c964c37a6f18ab428c6f	111	39080	+	38969	a80e3f540e8eff5e62b652185ad157e792ae2d322f87268fced0971f10e9a4bc	/srv/CRC-PHIRE/analysis1/05_assemblies/engineering14_v2/SID530373/assemblies/units/SID530373_assembly/assembly.fna	a595af98ed800f7f04cea810e5028df5fc3cd14c72e107381d820d78279ccec6	verified_this_run	57488	false	false	Provirus	0.9817	NA	59	13	73.9636	caller_predicted_provirus_locus	caller_only_not_independently_validated	completed	No	NA	57	17	1	High-quality	High-quality	100.0	AAI-based (high-confidence)	0.0	1.0		0	111	111	e3e5419d0c92b0a36e401ac8a443e0d76da9c203c17aeb12df4649638784e67d	39080	44080	5000	945b3cb3effd02de1c1290a3208bac502f082eb9ddcd0b839911959a863e8b88	assessed_caller_annotations	/srv/CRC-PHIRE/analysis1/06_viral_catalog/discovery/pilot4_primary/samples/SID530373_assembly/raw/genomad/SID530373_assembly/genome_annotate/genome_genes.tsv	0	5	0	3	false	true	false	caller_predicted_provirus_only	not_assessed	not_assessed	not_assessed
occ_ad8800d220556e78e219bd793c9cd408	vs_53ef1f3b80bf927a0d54957159d93ef3de583747f913affa949839881681899c	ph_g7aa363a9a79cfb7990f2_f98007bdee7ee5e44de17fed0dfdf5c5	SID532796_assembly	SID532796	votu_322e58faa1c800704db8	member	metagenome_assembly	provirus_locus	SID532796_assembly__2a9cb543636b55bed078__a4dbe757	g7aa363a9a79cfb7990f2_ceeb40ee92474004822130656	550	39113	+	38563	53ef1f3b80bf927a0d54957159d93ef3de583747f913affa949839881681899c	/srv/CRC-PHIRE/analysis1/05_assemblies/engineering14_v2/SID532796/assemblies/units/SID532796_assembly/assembly.fna	852f35aadad3c1974c0576bd1361f3f7d36f41bf28704ae00f01e6d0c0fb838b	verified_this_run	61779	false	false	Provirus	0.9804	NA	58	13	71.0145	caller_predicted_provirus_locus	caller_only_not_independently_validated	completed	No	NA	57	17	1	High-quality	High-quality	99.75	AAI-based (high-confidence)	0.0	1.0		0	550	550	ff6c0f84ef4c635578321c61d15dea18610162d8b5f8348d701247f709801281	39113	44113	5000	1a2341c10703d9d4106ebc601058ed92dcd1d659108055a3d46f938794ce6068	assessed_caller_annotations	/srv/CRC-PHIRE/analysis1/06_viral_catalog/discovery/control4_primary/samples/SID532796_assembly/raw/genomad/SID532796_assembly/genome_annotate/genome_genes.tsv	0	5	0	3	false	true	false	caller_predicted_provirus_only	not_assessed	not_assessed	not_assessed
occ_5aff576544279239a5d6e403f0ceeb38	vs_f3c7b884a4d9c03ce9b70d132bf8b49ce058def47efb17e03effe00fb73de834	ph_ge067d6f09b87c8e27c04_c3fad32c2f4ddfa643aa3b0ef0da675d	SID530368_assembly	SID530368	votu_6bfb9d1fbb5517b11248	representative	metagenome_assembly	provirus_locus	SID530368_assembly__06602dcbf9c794a0a1ff__4e6cd2ca	ge067d6f09b87c8e27c04_c1dab55c8be71a6d0b541bd49	1	53167	+	53166	f3c7b884a4d9c03ce9b70d132bf8b49ce058def47efb17e03effe00fb73de834	/srv/CRC-PHIRE/analysis1/05_assemblies/engineering14_v2/SID530368/assemblies/units/SID530368_assembly/assembly.fna	d3e25939894d1db6f2645eb9c7874ba1460e68dcdf82f71c958b7fa8603435c5	verified_this_run	66127	false	false	Provirus	0.9770	NA	83	16	85.2367	caller_predicted_provirus_locus	caller_only_not_independently_validated	completed	No	NA	82	21	2	High-quality	High-quality	94.39	AAI-based (high-confidence)	0.0	1.0		0	1	1	333e0a1e27815d0ceee55c473fe3dc93d56c63e3bee2b3b4aee8eed6d70191a3	53167	58167	5000	723ffd05d2a7d2e3c3072bf201e3617ad4d4333e75242baa51952284168b190c	assessed_caller_annotations	/srv/CRC-PHIRE/analysis1/06_viral_catalog/discovery/control4_primary/samples/SID530368_assembly/raw/genomad/SID530368_assembly/genome_annotate/genome_genes.tsv	0	4	0	1	false	true	false	caller_predicted_provirus_only	not_assessed	not_assessed	not_assessed
occ_609f4d8631d3ef3262512fe3a90373d3	vs_b921772a763579af9d76778f5cd7de784b55966532641199849db8c5957f4337	ph_g4e0fa72f50c10e48f1d6_43dd591c68f1faaf5efe7e886b6c1c92	SID31512_assembly	SID31512	votu_b97bf3055e9df8b8a781	representative	metagenome_assembly	provirus_locus	SID31512_assembly__5c1f2d928b9b16171a51__c875daf3	g4e0fa72f50c10e48f1d6_ccc4db1873e1e734d55386926	4904	55129	+	50225	b921772a763579af9d76778f5cd7de784b55966532641199849db8c5957f4337	/srv/CRC-PHIRE/analysis1/05_assemblies/engineering14_v2/SID31512/assemblies/units/SID31512_assembly/assembly.fna	62c6ff40282fbdc827422fdf194c994e1b5d562969d1dfdca41aaf5001bdafe6	verified_this_run	64964	false	false	Provirus	0.9781	NA	67	16	72.0031	caller_predicted_provirus_locus	caller_only_not_independently_validated	completed	No	NA	67	21	1	High-quality	High-quality	95.83	AAI-based (high-confidence)	0.0	1.0		0	4904	4904	81e6d74cb160e69076c97463cfb80ef09778391e6f11ee8de3177343dc81c6e2	55129	60129	5000	0d76ac06692764cd80901b1aa64f0c80ade2999a6ac43e022eba03db8e74408a	assessed_caller_annotations	/srv/CRC-PHIRE/analysis1/06_viral_catalog/discovery/control4_primary/samples/SID31512_assembly/raw/genomad/SID31512_assembly/genome_annotate/genome_genes.tsv	6	6	1	3	true	true	true	caller_provirus_with_two_sided_caller_marker_context	not_assessed	not_assessed	not_assessed
occ_8424f983e6cf960c39696e6d7116f3b1	vs_f86a3dde895df3382501665833ffbcacc89811b8e6f72141295fcb63c2fbaaa9	ph_g7aa363a9a79cfb7990f2_78f4c5dd19b01bbdeaa363ddc0bab616	SID532796_assembly	SID532796	votu_b97bf3055e9df8b8a781	member	metagenome_assembly	provirus_locus	SID532796_assembly__49c557112a6590aeb08c__7fa80206	g7aa363a9a79cfb7990f2_ceacb592b44470923d7ccdf4e	10028	57425	+	47397	f86a3dde895df3382501665833ffbcacc89811b8e6f72141295fcb63c2fbaaa9	/srv/CRC-PHIRE/analysis1/05_assemblies/engineering14_v2/SID532796/assemblies/units/SID532796_assembly/assembly.fna	852f35aadad3c1974c0576bd1361f3f7d36f41bf28704ae00f01e6d0c0fb838b	verified_this_run	86582	false	false	Provirus	0.9793	NA	68	16	74.3948	caller_predicted_provirus_locus	caller_only_not_independently_validated	completed	No	NA	68	21	0	High-quality	High-quality	90.46	AAI-based (high-confidence)	0.0	1.0		5028	10028	5000	e207021042a4d72d676fb75d45e226fa4794b1d202429fa25e004345638dd1e0	57425	62425	5000	27980963c95d04a102216f24cf5fa02171e6c4b35a0175b46b8fa024d50819f8	assessed_caller_annotations	/srv/CRC-PHIRE/analysis1/06_viral_catalog/discovery/control4_primary/samples/SID532796_assembly/raw/genomad/SID532796_assembly/genome_annotate/genome_genes.tsv	7	4	1	0	true	false	false	caller_predicted_provirus_only	not_assessed	not_assessed	not_assessed
occ_c5edeafd4cfd95855d11adf718b4dcee	vs_720043d71fda66517efab062b7def1077978ae3b21629f07336896f464389d3e	ph_g031d3a6152feabe61cb5_cfd1f6229445c2c0de7d7de905b2c6b7	SID31866_assembly	SID31866	votu_1c50e2261a7194a4cf38	representative	metagenome_assembly	provirus_locus	SID31866_assembly__a77c837885b6900b5722__32255d0e	g031d3a6152feabe61cb5_c1a40ef5603dda05b05e8c9aa	191823	235242	+	43419	720043d71fda66517efab062b7def1077978ae3b21629f07336896f464389d3e	/srv/CRC-PHIRE/analysis1/05_assemblies/engineering14_v2/SID31866/assemblies/units/SID31866_assembly/assembly.fna	73a5f2ec7a1fbdad21d5df690440b9e45aa63cb0298befa48d84341c4454e081	verified_this_run	235242	false	true	Provirus	0.9829	NA	48	7	54.9388	caller_predicted_provirus_locus	caller_only_not_independently_validated	completed	No	NA	47	8	1	High-quality	High-quality	100.0	AAI-based (high-confidence)	0.0	1.0		186823	191823	5000	042c3b842f8f76cfaf3c4088e3a6ac312f6a630547f59b409751b812abe08e5d	235242	235242	0		assessed_caller_annotations	/srv/CRC-PHIRE/analysis1/06_viral_catalog/discovery/pilot4_primary/samples/SID31866_assembly/raw/genomad/SID31866_assembly/genome_annotate/genome_genes.tsv	6	unknown	1	unknown	true	unknown	unknown	caller_predicted_provirus_only	not_assessed	not_assessed	not_assessed
occ_b5df9ad112f63722f2184b1a46ae83f1	vs_831adb30d12a434b16dcba3dc40c462f5d3189e5b2a12ce02499ea74a40907d8	ph_g7417bc5ef8495bee049b_deb9a1aecdfe34e75417fc0cf73543d1	SID31160_assembly	SID31160	votu_bee9adade5d319b07145	representative	metagenome_assembly	provirus_locus	SID31160_assembly__9cec6c931613fe8afb9b__bfa2ee7c	g7417bc5ef8495bee049b_cf17a75d9999ff5fee811d0fd	1961	36804	+	34843	831adb30d12a434b16dcba3dc40c462f5d3189e5b2a12ce02499ea74a40907d8	/srv/CRC-PHIRE/analysis1/05_assemblies/engineering2_v1/SID31160/assemblies/units/SID31160_assembly/assembly.fna	41efce10e6c8695b55fa6fc266055fadb7059674cc0bc75c170a59cd882c9934	verified_this_run	36845	false	false	Provirus	0.9808	NA	56	16	65.4499	caller_predicted_provirus_locus	caller_only_not_independently_validated	completed	No	NA	56	26	0	High-quality	High-quality	96.52	AAI-based (high-confidence)	0.0	1.0		0	1961	1961	1a787e6d6ca98b2250cf8fd895e91867440c0332a1d5144d1de66b8662b34996	36804	36845	41	de9585a51a54161ec6c2a6544e1e761e96f9c542d3642c98abdf2086d9e6f328	assessed_caller_annotations	/srv/CRC-PHIRE/analysis1/06_viral_catalog/discovery/engineering2_v2/assemblies/SID31160_assembly/geNomad/SID31160_assembly/genome_annotate/genome_genes.tsv	4	0	1	0	true	false	false	caller_predicted_provirus_only	not_assessed	not_assessed	not_assessed
occ_4ce146ad56a760eee3f8faf9670f0cb0	vs_2bcc98d162de52565ee24604c768b4c2a5a8d7719bdb6dd7e570d32da49f4e47	ph_g3470079eeee3866d26f3_90a5ba60191b999b389aadd25dfbc596	SID531248_assembly	SID531248	votu_bd21331de80702b47288	representative	metagenome_assembly	provirus_locus	SID531248_assembly__1a33364dfd4dd8979db6__c011fe30	g3470079eeee3866d26f3_ca6649a508e7de0c6038e7d03	8461	40777	+	32316	2bcc98d162de52565ee24604c768b4c2a5a8d7719bdb6dd7e570d32da49f4e47	/srv/CRC-PHIRE/analysis1/05_assemblies/engineering14_v2/SID531248/assemblies/units/SID531248_assembly/assembly.fna	e163e4d834bfd4febbe3abb22cd8e6dab44d8e933ed225e5d8b31e63f9d5f47d	verified_this_run	48918	false	false	Provirus	0.9754	NA	49	12	42.3018	caller_predicted_provirus_locus	caller_only_not_independently_validated	completed	Yes	30143	49	18	3	High-quality	High-quality	99.52	AAI-based (high-confidence)	6.72	1.0		3461	8461	5000	a34296fb73cd65eddc114043907fe5966ef3c8663fa60443de3eaa3121726673	40777	45777	5000	21dd3111fe3ec47c2ddfa072ae98c4c695fbe8daef72bc013a1ef43c9a1f747c	assessed_caller_annotations	/srv/CRC-PHIRE/analysis1/06_viral_catalog/discovery/pilot4_primary/samples/SID531248_assembly/raw/genomad/SID531248_assembly/genome_annotate/genome_genes.tsv	6	8	3	3	true	true	true	caller_provirus_with_two_sided_caller_marker_context	not_assessed	not_assessed	not_assessed
occ_5ced8e4a164d2b9fb75cffc926c18024	vs_5aa679eb0d96f61c86e18c4bfbf4bc7296bdc26c6296d09eda4ae58fcb7ab46a	ph_g7aa363a9a79cfb7990f2_a21ebac5d8c2a7947eed26f9e7301417	SID532796_assembly	SID532796	votu_28ca87e20574eacc4b38	representative	metagenome_assembly	provirus_locus	SID532796_assembly__c823f3f23de9acdf3f73__69cce04e	g7aa363a9a79cfb7990f2_c23296a7b5e97bff3643ed4e3	1	15237	+	15236	5aa679eb0d96f61c86e18c4bfbf4bc7296bdc26c6296d09eda4ae58fcb7ab46a	/srv/CRC-PHIRE/analysis1/05_assemblies/engineering14_v2/SID532796/assemblies/units/SID532796_assembly/assembly.fna	852f35aadad3c1974c0576bd1361f3f7d36f41bf28704ae00f01e6d0c0fb838b	verified_this_run	22131	false	false	Provirus	0.8679	NA	25	0	6.2530	caller_predicted_provirus_locus	caller_only_not_independently_validated	completed	No	NA	25	1	2	High-quality	High-quality	100.0	AAI-based (medium-confidence)	0.0	1.0		0	1	1	6b23c0d5f35d1b11f9b683f0b0a617355deb11277d91ae091d399c655b87940d	15237	20237	5000	93540d9c2bb94c8b4fb5ca1a739839c13ba7a84ce4ba78d450240a804771d6ce	assessed_caller_annotations	/srv/CRC-PHIRE/analysis1/06_viral_catalog/discovery/control4_primary/samples/SID532796_assembly/raw/genomad/SID532796_assembly/genome_annotate/genome_genes.tsv	0	4	0	1	false	true	false	caller_predicted_provirus_only	not_assessed	not_assessed	not_assessed
occ_2609c5aa1986c22c20fad13a057b729c	vs_302a01ac4b92a00a86ba91c6a81c2d79dcc98de2510fef73989cd20edd2738a6	ph_g3470079eeee3866d26f3_fa422f9dca8011203377a6dbfbb0eee9	SID531248_assembly	SID531248	votu_6ba347b920af2d0cbebc	representative	metagenome_assembly	provirus_locus	SID531248_assembly__02688c63f329562d918d__61bfd8dd	g3470079eeee3866d26f3_cd4552acb80e5c0dd0b328d34	59336	126630	+	67294	302a01ac4b92a00a86ba91c6a81c2d79dcc98de2510fef73989cd20edd2738a6	/srv/CRC-PHIRE/analysis1/05_assemblies/engineering14_v2/SID531248/assemblies/units/SID531248_assembly/assembly.fna	e163e4d834bfd4febbe3abb22cd8e6dab44d8e933ed225e5d8b31e63f9d5f47d	verified_this_run	160626	false	false	Provirus	0.9783	NA	110	20	86.2869	caller_predicted_provirus_locus	caller_only_not_independently_validated	completed	No	NA	109	28	2	High-quality	High-quality	100.0	AAI-based (high-confidence)	0.0	1.0		54336	59336	5000	37d1130dbf3e7ab9f8c2fcf1baf2e0d4b55ce05a58018e601e9e1ffa310096ae	126630	131630	5000	af8acf549583d2e98a995e3db68f175b191f5622502e7412118612a216f804f1	assessed_caller_annotations	/srv/CRC-PHIRE/analysis1/06_viral_catalog/discovery/pilot4_primary/samples/SID531248_assembly/raw/genomad/SID531248_assembly/genome_annotate/genome_genes.tsv	5	6	2	1	true	true	true	caller_provirus_with_two_sided_caller_marker_context	not_assessed	not_assessed	not_assessed
occ_1ef539aa64d0db3f19bedb321d3cef67	vs_6ff9e62cbf594dd05a09d55ba5aaed0415d531c8584996b4b5df12864ffa1a04	ph_g031d3a6152feabe61cb5_b7b7d1325a70270dde90a91742577d4d	SID31866_assembly	SID31866	votu_6849f84635df4fb447c7	representative	metagenome_assembly	provirus_locus	SID31866_assembly__0965de36c26d70704cf3__8bffe0d8	g031d3a6152feabe61cb5_c2e3c794cbe8ca935bee1b6ae	46345	99789	+	53444	6ff9e62cbf594dd05a09d55ba5aaed0415d531c8584996b4b5df12864ffa1a04	/srv/CRC-PHIRE/analysis1/05_assemblies/engineering14_v2/SID31866/assemblies/units/SID31866_assembly/assembly.fna	73a5f2ec7a1fbdad21d5df690440b9e45aa63cb0298befa48d84341c4454e081	verified_this_run	99790	false	false	Provirus	0.9700	NA	61	13	63.7368	caller_predicted_provirus_locus	caller_only_not_independently_validated	completed	No	NA	61	21	1	High-quality	High-quality	100.0	AAI-based (high-confidence)	0.0	1.0		41345	46345	5000	733d2081388abbce011047ed9ab322b9b98eb1df342ae680960488ffe7575137	99789	99790	1	6b23c0d5f35d1b11f9b683f0b0a617355deb11277d91ae091d399c655b87940d	assessed_caller_annotations	/srv/CRC-PHIRE/analysis1/06_viral_catalog/discovery/pilot4_primary/samples/SID31866_assembly/raw/genomad/SID31866_assembly/genome_annotate/genome_genes.tsv	3	0	0	0	false	false	false	caller_predicted_provirus_only	not_assessed	not_assessed	not_assessed
