scenario	layout	target	true_present	source_fragments	assigned_fragments	wrong_source_assigned	ambiguous_mentions	breadth	detected_075	detected_030	synthetic
positive	SE	target_006b9e3394d67d979f91	True	1311	392	0	911	0.39476780400027683	False	True	True
positive	SE	target_04f15b677bbeadbf8eb2	True	1070	1010	0	60	0.9455244122965641	True	True	True
positive	SE	target_067a4b9cc1350ce06cf1	True	932	560	0	367	0.6695305407858902	False	True	True
positive	SE	target_17974c9b850ee74152d9	True	1007	391	0	606	0.45249099639855944	False	True	True
positive	SE	target_18abe46a43971c369859	True	702	336	0	358	0.554556793256204	False	True	True
positive	SE	target_1c664525285ebfeeda2e	True	1572	921	0	1227	0.703010123561338	False	True	True
positive	SE	target_22300a27ffab294b13dc	True	954	793	0	210	0.8852661596958175	True	True	True
positive	SE	target_5631bd81c1ae0b7e3041	True	944	638	0	347	0.7851882684426229	True	True	True
positive	SE	target_9c44e9b7e86c7c177a3a	True	1465	1465	0	0	0.9996076892899176	True	True	True
positive	SE	target_a6402221032935bdc8ac	True	1495	855	0	1226	0.6892433504716409	False	True	True
positive	SE	target_adabb5403bee053d1511	True	1644	1643	0	1	0.9995767546280961	True	True	True
negative	SE	target_006b9e3394d67d979f91	False	0	0	0	271	0.0	False	False	True
negative	SE	target_04f15b677bbeadbf8eb2	False	0	0	0	0	0.0	False	False	True
negative	SE	target_067a4b9cc1350ce06cf1	False	0	0	0	1	0.0	False	False	True
negative	SE	target_17974c9b850ee74152d9	False	0	0	0	595	0.0	False	False	True
negative	SE	target_18abe46a43971c369859	False	0	0	0	362	0.0	False	False	True
negative	SE	target_1c664525285ebfeeda2e	False	0	0	0	24	0.0	False	False	True
negative	SE	target_22300a27ffab294b13dc	False	0	0	0	0	0.0	False	False	True
negative	SE	target_5631bd81c1ae0b7e3041	False	0	0	0	0	0.0	False	False	True
negative	SE	target_9c44e9b7e86c7c177a3a	False	0	0	0	0	0.0	False	False	True
negative	SE	target_a6402221032935bdc8ac	False	0	0	0	16	0.0	False	False	True
negative	SE	target_adabb5403bee053d1511	False	0	0	0	0	0.0	False	False	True
positive	PE	target_006b9e3394d67d979f91	True	643	235	0	408	0.49318291923316493	False	True	True
positive	PE	target_04f15b677bbeadbf8eb2	True	524	500	0	24	0.9597084086799277	True	True	True
positive	PE	target_067a4b9cc1350ce06cf1	True	456	311	0	145	0.7591752042536636	True	True	True
positive	PE	target_17974c9b850ee74152d9	True	493	205	0	288	0.5042917166866747	False	True	True
positive	PE	target_18abe46a43971c369859	True	343	167	0	176	0.6075437615586426	False	True	True
positive	PE	target_1c664525285ebfeeda2e	True	772	428	0	676	0.6844181839177798	False	True	True
positive	PE	target_22300a27ffab294b13dc	True	467	387	0	101	0.8860583016476553	True	True	True
positive	PE	target_5631bd81c1ae0b7e3041	True	462	330	0	152	0.8472079918032787	True	True	True
positive	PE	target_9c44e9b7e86c7c177a3a	True	719	719	0	0	0.99948380169726	True	True	True
positive	PE	target_a6402221032935bdc8ac	True	733	389	0	680	0.6580300392696652	False	True	True
positive	PE	target_adabb5403bee053d1511	True	807	807	0	0	0.9992639210923411	True	True	True
negative	PE	target_006b9e3394d67d979f91	False	0	0	0	129	0.0	False	False	True
negative	PE	target_04f15b677bbeadbf8eb2	False	0	0	0	0	0.0	False	False	True
negative	PE	target_067a4b9cc1350ce06cf1	False	0	0	0	0	0.0	False	False	True
negative	PE	target_17974c9b850ee74152d9	False	0	0	0	291	0.0	False	False	True
negative	PE	target_18abe46a43971c369859	False	0	0	0	185	0.0	False	False	True
negative	PE	target_1c664525285ebfeeda2e	False	0	0	0	5	0.0	False	False	True
negative	PE	target_22300a27ffab294b13dc	False	0	0	0	0	0.0	False	False	True
negative	PE	target_5631bd81c1ae0b7e3041	False	0	0	0	0	0.0	False	False	True
negative	PE	target_9c44e9b7e86c7c177a3a	False	0	0	0	0	0.0	False	False	True
negative	PE	target_a6402221032935bdc8ac	False	0	0	0	10	0.0	False	False	True
negative	PE	target_adabb5403bee053d1511	False	0	0	0	0	0.0	False	False	True
