viral_sequence_id	display_alias	category	distinct_feature_count	feature_ids	evidence_state	sequence_function_status	unit
vs_c8d341241fbfd2ad23111b71082b9757f62be45fa69157f5a9388448b5c076d2	M01	PHROG	72	10156;10300;1033;10608;11501;11557;11581;12688;13246;13941;14010;14220;148;15074;15125;15742;15994;16625;16646;16681;16697;16718;17180;17289;17456;1770;18290;18340;19606;19698;19994;2;20236;216;21933;22392;22750;23063;23198;23250;24140;24381;24834;25586;26204;26372;2742;2825;29;30437;31555;32472;3277;3362;3474;363;390;392;5302;5377;5597;5824;64;6572;6767;72;77;8581;9196;940;9710;9959	observed_annotation_evidence	completed	distinct_PHROG_family_or_system_subtype_or_KO_identifier
vs_c8d341241fbfd2ad23111b71082b9757f62be45fa69157f5a9388448b5c076d2	M01	Defense	0		no_reported_hit_not_biological_absence	completed	distinct_PHROG_family_or_system_subtype_or_KO_identifier
vs_c8d341241fbfd2ad23111b71082b9757f62be45fa69157f5a9388448b5c076d2	M01	Anti-defense	0		no_reported_hit_not_biological_absence	completed	distinct_PHROG_family_or_system_subtype_or_KO_identifier
vs_c8d341241fbfd2ad23111b71082b9757f62be45fa69157f5a9388448b5c076d2	M01	KO	8	K00558;K00986;K01448;K03497;K06909;K06941;K07455;K19050	observed_annotation_evidence	completed	distinct_PHROG_family_or_system_subtype_or_KO_identifier
vs_271528d7e556eb1843ae0130b42e6a718d330bd5632aff3643bcc7d39b5c686d	M02	PHROG	34	10608;11320;14123;1423;14295;14959;14983;160;16858;17154;17790;19239;22546;23256;26;28300;28631;28718;296;2976;310;3277;35074;355;38;38535;4151;6201;6305;6767;6891;6911;822;846	observed_annotation_evidence	completed	distinct_PHROG_family_or_system_subtype_or_KO_identifier
vs_271528d7e556eb1843ae0130b42e6a718d330bd5632aff3643bcc7d39b5c686d	M02	Defense	0		no_reported_hit_not_biological_absence	completed	distinct_PHROG_family_or_system_subtype_or_KO_identifier
vs_271528d7e556eb1843ae0130b42e6a718d330bd5632aff3643bcc7d39b5c686d	M02	Anti-defense	1	hia5_hin1523_nma1821	observed_annotation_evidence	completed	distinct_PHROG_family_or_system_subtype_or_KO_identifier
vs_271528d7e556eb1843ae0130b42e6a718d330bd5632aff3643bcc7d39b5c686d	M02	KO	2	K00986;K01358	observed_annotation_evidence	completed	distinct_PHROG_family_or_system_subtype_or_KO_identifier
vs_920b56de702e64ad3653507454872013f24703eb4d594fc1c3c26d325a4439a0	M03	PHROG	28	11321;14123;1423;14295;14959;14983;160;16858;17790;19239;22181;22546;23256;23416;267;296;310;35074;38;4151;56;5781;6305;6767;6891;6911;822;846	observed_annotation_evidence	completed	distinct_PHROG_family_or_system_subtype_or_KO_identifier
vs_920b56de702e64ad3653507454872013f24703eb4d594fc1c3c26d325a4439a0	M03	Defense	0		no_reported_hit_not_biological_absence	completed	distinct_PHROG_family_or_system_subtype_or_KO_identifier
vs_920b56de702e64ad3653507454872013f24703eb4d594fc1c3c26d325a4439a0	M03	Anti-defense	1	hia5_hin1523_nma1821	observed_annotation_evidence	completed	distinct_PHROG_family_or_system_subtype_or_KO_identifier
vs_920b56de702e64ad3653507454872013f24703eb4d594fc1c3c26d325a4439a0	M03	KO	2	K00986;K09955	observed_annotation_evidence	completed	distinct_PHROG_family_or_system_subtype_or_KO_identifier
vs_7dfde372a4a30524771c651413cee2f40c0a66d2ffcd036bf714b6e1278cbe69	M04	PHROG	3	125;15551;379	observed_annotation_evidence	completed	distinct_PHROG_family_or_system_subtype_or_KO_identifier
vs_7dfde372a4a30524771c651413cee2f40c0a66d2ffcd036bf714b6e1278cbe69	M04	Defense	0		no_reported_hit_not_biological_absence	completed	distinct_PHROG_family_or_system_subtype_or_KO_identifier
vs_7dfde372a4a30524771c651413cee2f40c0a66d2ffcd036bf714b6e1278cbe69	M04	Anti-defense	0		no_reported_hit_not_biological_absence	completed	distinct_PHROG_family_or_system_subtype_or_KO_identifier
vs_7dfde372a4a30524771c651413cee2f40c0a66d2ffcd036bf714b6e1278cbe69	M04	KO	1	K03111	observed_annotation_evidence	completed	distinct_PHROG_family_or_system_subtype_or_KO_identifier
vs_a30c7c82eb3e7bba8b1dac091127e158e28b835c99dd0bdf11bb463c22a8b60b	M05	PHROG	1	10603	observed_annotation_evidence	completed	distinct_PHROG_family_or_system_subtype_or_KO_identifier
vs_a30c7c82eb3e7bba8b1dac091127e158e28b835c99dd0bdf11bb463c22a8b60b	M05	Defense	0		no_reported_hit_not_biological_absence	completed	distinct_PHROG_family_or_system_subtype_or_KO_identifier
vs_a30c7c82eb3e7bba8b1dac091127e158e28b835c99dd0bdf11bb463c22a8b60b	M05	Anti-defense	0		no_reported_hit_not_biological_absence	completed	distinct_PHROG_family_or_system_subtype_or_KO_identifier
vs_a30c7c82eb3e7bba8b1dac091127e158e28b835c99dd0bdf11bb463c22a8b60b	M05	KO	0		no_reported_hit_not_biological_absence	completed	distinct_PHROG_family_or_system_subtype_or_KO_identifier
vs_a7f968ac49280de4222afc95ca7cf0f306e8446096cd7889ca1f01ba21ebc63a	M06	PHROG	1	10603	observed_annotation_evidence	completed	distinct_PHROG_family_or_system_subtype_or_KO_identifier
vs_a7f968ac49280de4222afc95ca7cf0f306e8446096cd7889ca1f01ba21ebc63a	M06	Defense	0		no_reported_hit_not_biological_absence	completed	distinct_PHROG_family_or_system_subtype_or_KO_identifier
vs_a7f968ac49280de4222afc95ca7cf0f306e8446096cd7889ca1f01ba21ebc63a	M06	Anti-defense	0		no_reported_hit_not_biological_absence	completed	distinct_PHROG_family_or_system_subtype_or_KO_identifier
vs_a7f968ac49280de4222afc95ca7cf0f306e8446096cd7889ca1f01ba21ebc63a	M06	KO	0		no_reported_hit_not_biological_absence	completed	distinct_PHROG_family_or_system_subtype_or_KO_identifier
vs_b1721dab8768781ece5cf2d4a19cda08fd8b48f35cfcbd0a97e02ecde24dcb63	M07	PHROG	1	11320	observed_annotation_evidence	completed	distinct_PHROG_family_or_system_subtype_or_KO_identifier
vs_b1721dab8768781ece5cf2d4a19cda08fd8b48f35cfcbd0a97e02ecde24dcb63	M07	Defense	0		no_reported_hit_not_biological_absence	completed	distinct_PHROG_family_or_system_subtype_or_KO_identifier
vs_b1721dab8768781ece5cf2d4a19cda08fd8b48f35cfcbd0a97e02ecde24dcb63	M07	Anti-defense	0		no_reported_hit_not_biological_absence	completed	distinct_PHROG_family_or_system_subtype_or_KO_identifier
vs_b1721dab8768781ece5cf2d4a19cda08fd8b48f35cfcbd0a97e02ecde24dcb63	M07	KO	0		no_reported_hit_not_biological_absence	completed	distinct_PHROG_family_or_system_subtype_or_KO_identifier
