viral_sequence_id	display_alias	gene_id	start0	end0	strand	sequence_length	display_type	labeled	phrog_ids	defense_subtypes	anti_defense_subtypes	ko_ids	interpretation
vs_c8d341241fbfd2ad23111b71082b9757f62be45fa69157f5a9388448b5c076d2	M01	vg_173e702adc5ccff834a7eb9ed9de6c6e	0	3354	+	60722	KO homology	true				K19050	own_sequence_computational_evidence;unreviewed_illustrative_example
vs_c8d341241fbfd2ad23111b71082b9757f62be45fa69157f5a9388448b5c076d2	M01	vg_75b8f781e45d20de81b77c95446afe8f	3786	4404	-	60722	Accepted PHROG homology	false	14010				own_sequence_computational_evidence;unreviewed_illustrative_example
vs_c8d341241fbfd2ad23111b71082b9757f62be45fa69157f5a9388448b5c076d2	M01	vg_30c41354fa149ff604a113cd698dced4	4393	4990	-	60722	KO homology	true	2742			K01448	own_sequence_computational_evidence;unreviewed_illustrative_example
vs_c8d341241fbfd2ad23111b71082b9757f62be45fa69157f5a9388448b5c076d2	M01	vg_561bb7cb4728c8a788f17570e0428f70	4986	5583	-	60722	Accepted PHROG homology	false	19698				own_sequence_computational_evidence;unreviewed_illustrative_example
vs_c8d341241fbfd2ad23111b71082b9757f62be45fa69157f5a9388448b5c076d2	M01	vg_b90d9a71f2e6f2a6dd83ac747e81b9d9	5812	5962	-	60722	No highlighted annotation	false					own_sequence_computational_evidence;unreviewed_illustrative_example
vs_c8d341241fbfd2ad23111b71082b9757f62be45fa69157f5a9388448b5c076d2	M01	vg_6be94cf15fb7b7302ad737694563aee1	5958	6387	-	60722	Accepted PHROG homology	false	11557				own_sequence_computational_evidence;unreviewed_illustrative_example
vs_c8d341241fbfd2ad23111b71082b9757f62be45fa69157f5a9388448b5c076d2	M01	vg_c3f20513327c6f67690fa1874cf347a8	6349	7537	-	60722	KO homology	true	2825			K00986	own_sequence_computational_evidence;unreviewed_illustrative_example
vs_c8d341241fbfd2ad23111b71082b9757f62be45fa69157f5a9388448b5c076d2	M01	vg_cfa2e09c059078f8b735feb4a74fc269	7869	9231	-	60722	Accepted PHROG homology	false	5302				own_sequence_computational_evidence;unreviewed_illustrative_example
vs_c8d341241fbfd2ad23111b71082b9757f62be45fa69157f5a9388448b5c076d2	M01	vg_1ab2e120dd9ac0d7ec824107c24d1d68	9240	9519	-	60722	Accepted PHROG homology	false	22750				own_sequence_computational_evidence;unreviewed_illustrative_example
vs_c8d341241fbfd2ad23111b71082b9757f62be45fa69157f5a9388448b5c076d2	M01	vg_f0aed98dcfa8c9ec0168e3ea113e8532	9609	10095	-	60722	Accepted PHROG homology	false	17180				own_sequence_computational_evidence;unreviewed_illustrative_example
vs_c8d341241fbfd2ad23111b71082b9757f62be45fa69157f5a9388448b5c076d2	M01	vg_4741fb30643fa21e897785dbed0e65a3	10099	15505	-	60722	Accepted PHROG homology	false	15074				own_sequence_computational_evidence;unreviewed_illustrative_example
vs_c8d341241fbfd2ad23111b71082b9757f62be45fa69157f5a9388448b5c076d2	M01	vg_0cbcbbcc9621ce985deda09c836b7677	15486	16671	-	60722	Accepted PHROG homology	false	14220				own_sequence_computational_evidence;unreviewed_illustrative_example
vs_c8d341241fbfd2ad23111b71082b9757f62be45fa69157f5a9388448b5c076d2	M01	vg_2b4977101ed67d4206e9e2a62a4d58d6	16672	17182	-	60722	Accepted PHROG homology	false	10156				own_sequence_computational_evidence;unreviewed_illustrative_example
vs_c8d341241fbfd2ad23111b71082b9757f62be45fa69157f5a9388448b5c076d2	M01	vg_4574dbafe248664577b5b731fc105dc5	17184	22596	-	60722	Accepted PHROG homology	false	9959				own_sequence_computational_evidence;unreviewed_illustrative_example
vs_c8d341241fbfd2ad23111b71082b9757f62be45fa69157f5a9388448b5c076d2	M01	vg_fcd824d8ff40674cf4ab1ef58f2d6bc1	22595	22724	-	60722	Accepted PHROG homology	false	31555				own_sequence_computational_evidence;unreviewed_illustrative_example
vs_c8d341241fbfd2ad23111b71082b9757f62be45fa69157f5a9388448b5c076d2	M01	vg_87b0c7250da52d9bded669f3120d2a56	22828	23485	-	60722	Accepted PHROG homology	false	15994				own_sequence_computational_evidence;unreviewed_illustrative_example
vs_c8d341241fbfd2ad23111b71082b9757f62be45fa69157f5a9388448b5c076d2	M01	vg_b87b8174292897d1b250de223e4b13fb	23553	24063	-	60722	Accepted PHROG homology	false	6767				own_sequence_computational_evidence;unreviewed_illustrative_example
vs_c8d341241fbfd2ad23111b71082b9757f62be45fa69157f5a9388448b5c076d2	M01	vg_2f2d3eac09751142200cef968f296802	24078	24504	-	60722	Accepted PHROG homology	false	5597				own_sequence_computational_evidence;unreviewed_illustrative_example
vs_c8d341241fbfd2ad23111b71082b9757f62be45fa69157f5a9388448b5c076d2	M01	vg_41c0c7ddb9674ac618ec2cd5f191983a	24500	24971	-	60722	Accepted PHROG homology	false	5377				own_sequence_computational_evidence;unreviewed_illustrative_example
vs_c8d341241fbfd2ad23111b71082b9757f62be45fa69157f5a9388448b5c076d2	M01	vg_ade0f32282ee95e81479ca96621e590e	24961	25294	-	60722	Accepted PHROG homology	false	26372				own_sequence_computational_evidence;unreviewed_illustrative_example
vs_c8d341241fbfd2ad23111b71082b9757f62be45fa69157f5a9388448b5c076d2	M01	vg_f71732b876fa64a49b50c0e26913249a	25295	25631	-	60722	Accepted PHROG homology	false	16646				own_sequence_computational_evidence;unreviewed_illustrative_example
vs_c8d341241fbfd2ad23111b71082b9757f62be45fa69157f5a9388448b5c076d2	M01	vg_f15830d8b8fdf2e8b22899d72f2102e3	25636	25963	-	60722	Accepted PHROG homology	false	390				own_sequence_computational_evidence;unreviewed_illustrative_example
vs_c8d341241fbfd2ad23111b71082b9757f62be45fa69157f5a9388448b5c076d2	M01	vg_dd20a70ecfda725bbb1fb01c494aac19	25974	27210	-	60722	Accepted PHROG homology	false	29				own_sequence_computational_evidence;unreviewed_illustrative_example
vs_c8d341241fbfd2ad23111b71082b9757f62be45fa69157f5a9388448b5c076d2	M01	vg_c304dcdd3389fe2e02a4a80202040c36	27229	27877	-	60722	Accepted PHROG homology	false	9196				own_sequence_computational_evidence;unreviewed_illustrative_example
vs_c8d341241fbfd2ad23111b71082b9757f62be45fa69157f5a9388448b5c076d2	M01	vg_5df36e8d88d71874520ac4a5503b348a	27885	28491	-	60722	Accepted PHROG homology	false	5824				own_sequence_computational_evidence;unreviewed_illustrative_example
vs_c8d341241fbfd2ad23111b71082b9757f62be45fa69157f5a9388448b5c076d2	M01	vg_60cf18eb4d6706085d2be27ad83c0c8e	28948	29188	+	60722	Accepted PHROG homology	false	24140				own_sequence_computational_evidence;unreviewed_illustrative_example
vs_c8d341241fbfd2ad23111b71082b9757f62be45fa69157f5a9388448b5c076d2	M01	vg_7aaf1baf07d0c5259631a3f890c60638	29213	29465	+	60722	Accepted PHROG homology	false	26204				own_sequence_computational_evidence;unreviewed_illustrative_example
vs_c8d341241fbfd2ad23111b71082b9757f62be45fa69157f5a9388448b5c076d2	M01	vg_ba2082ff91b7b0e401bf11a3d7e26a31	29476	29842	+	60722	Accepted PHROG homology	false	15742				own_sequence_computational_evidence;unreviewed_illustrative_example
vs_c8d341241fbfd2ad23111b71082b9757f62be45fa69157f5a9388448b5c076d2	M01	vg_4e85b849e4372d7c80e1ab1212354899	30035	30215	+	60722	Accepted PHROG homology	false	20236				own_sequence_computational_evidence;unreviewed_illustrative_example
vs_c8d341241fbfd2ad23111b71082b9757f62be45fa69157f5a9388448b5c076d2	M01	vg_ae5883b02fd403a37addda3b31c8d9e8	30226	30439	+	60722	Accepted PHROG homology	false	23198				own_sequence_computational_evidence;unreviewed_illustrative_example
vs_c8d341241fbfd2ad23111b71082b9757f62be45fa69157f5a9388448b5c076d2	M01	vg_12417a774c519a62ec33c1b5c3ebb563	30407	30602	+	60722	Accepted PHROG homology	false	23250				own_sequence_computational_evidence;unreviewed_illustrative_example
vs_c8d341241fbfd2ad23111b71082b9757f62be45fa69157f5a9388448b5c076d2	M01	vg_8408d60b70b22760c04fe70235b9d12b	30603	30879	+	60722	Accepted PHROG homology	false	18340				own_sequence_computational_evidence;unreviewed_illustrative_example
vs_c8d341241fbfd2ad23111b71082b9757f62be45fa69157f5a9388448b5c076d2	M01	vg_87c36d5babd544ee50cc93f736d55526	30878	31943	+	60722	KO homology	true	363			K00558	own_sequence_computational_evidence;unreviewed_illustrative_example
vs_c8d341241fbfd2ad23111b71082b9757f62be45fa69157f5a9388448b5c076d2	M01	vg_a2f012c84f368c197e4db44a41fe8e6a	31964	32261	+	60722	Accepted PHROG homology	false	3362				own_sequence_computational_evidence;unreviewed_illustrative_example
vs_c8d341241fbfd2ad23111b71082b9757f62be45fa69157f5a9388448b5c076d2	M01	vg_fa119061836ebf88488727c786f87645	32279	32480	+	60722	Accepted PHROG homology	false	3474				own_sequence_computational_evidence;unreviewed_illustrative_example
vs_c8d341241fbfd2ad23111b71082b9757f62be45fa69157f5a9388448b5c076d2	M01	vg_4bbc1675e2be371329a370defe050570	32502	32787	+	60722	Accepted PHROG homology	false	13941				own_sequence_computational_evidence;unreviewed_illustrative_example
vs_c8d341241fbfd2ad23111b71082b9757f62be45fa69157f5a9388448b5c076d2	M01	vg_c1dbc1b12dfc8c94faf0704be1230a06	32896	33148	+	60722	Accepted PHROG homology	false	10608				own_sequence_computational_evidence;unreviewed_illustrative_example
vs_c8d341241fbfd2ad23111b71082b9757f62be45fa69157f5a9388448b5c076d2	M01	vg_a134404c22458c2496fab6a6d6922224	33140	33416	+	60722	Accepted PHROG homology	false	32472				own_sequence_computational_evidence;unreviewed_illustrative_example
vs_c8d341241fbfd2ad23111b71082b9757f62be45fa69157f5a9388448b5c076d2	M01	vg_ae5acc113adbf2827ac6cb0db01d5c66	33417	34185	+	60722	Accepted PHROG homology	false	6572				own_sequence_computational_evidence;unreviewed_illustrative_example
vs_c8d341241fbfd2ad23111b71082b9757f62be45fa69157f5a9388448b5c076d2	M01	vg_431f7252db4790afeb15970ed7880ef5	34195	34528	+	60722	Accepted PHROG homology	false	19606				own_sequence_computational_evidence;unreviewed_illustrative_example
vs_c8d341241fbfd2ad23111b71082b9757f62be45fa69157f5a9388448b5c076d2	M01	vg_bd48da989ee81887cf6fa7b1329e3deb	34571	37181	-	60722	Accepted PHROG homology	false	16625				own_sequence_computational_evidence;unreviewed_illustrative_example
vs_c8d341241fbfd2ad23111b71082b9757f62be45fa69157f5a9388448b5c076d2	M01	vg_71e3c8c7b52b978168a981ddb657e5e9	37315	37645	-	60722	Accepted PHROG homology	false	25586				own_sequence_computational_evidence;unreviewed_illustrative_example
vs_c8d341241fbfd2ad23111b71082b9757f62be45fa69157f5a9388448b5c076d2	M01	vg_500a0a68edaf817c91676b06f12f1c05	37644	39069	-	60722	Accepted PHROG homology	false	64				own_sequence_computational_evidence;unreviewed_illustrative_example
vs_c8d341241fbfd2ad23111b71082b9757f62be45fa69157f5a9388448b5c076d2	M01	vg_cc1980d3da6f09e3d2db9940f782fb0b	39084	40515	-	60722	KO homology	true	2			K06909	own_sequence_computational_evidence;unreviewed_illustrative_example
vs_c8d341241fbfd2ad23111b71082b9757f62be45fa69157f5a9388448b5c076d2	M01	vg_40872a75d7c28bc9b9f76c9eefcf4df0	40501	40978	-	60722	Accepted PHROG homology	false	15125				own_sequence_computational_evidence;unreviewed_illustrative_example
vs_c8d341241fbfd2ad23111b71082b9757f62be45fa69157f5a9388448b5c076d2	M01	vg_a17c89fc76f54b55442fa2935758c3fc	41076	41316	-	60722	Accepted PHROG homology	false	18290				own_sequence_computational_evidence;unreviewed_illustrative_example
vs_c8d341241fbfd2ad23111b71082b9757f62be45fa69157f5a9388448b5c076d2	M01	vg_ac24bdb6e5ff108d966670c2afebbf5b	41348	41954	-	60722	Accepted PHROG homology	false	16681				own_sequence_computational_evidence;unreviewed_illustrative_example
vs_c8d341241fbfd2ad23111b71082b9757f62be45fa69157f5a9388448b5c076d2	M01	vg_cc049d17c5b700e546e07f85d2c1adc6	41960	43076	-	60722	Accepted PHROG homology	false	940				own_sequence_computational_evidence;unreviewed_illustrative_example
vs_c8d341241fbfd2ad23111b71082b9757f62be45fa69157f5a9388448b5c076d2	M01	vg_172432642f34b669347aa1198a3db99d	43065	43503	-	60722	Accepted PHROG homology	false	16697				own_sequence_computational_evidence;unreviewed_illustrative_example
vs_c8d341241fbfd2ad23111b71082b9757f62be45fa69157f5a9388448b5c076d2	M01	vg_fdd6b08e6e1239615027b76f4c691f2e	43587	44028	-	60722	Accepted PHROG homology	false	1770				own_sequence_computational_evidence;unreviewed_illustrative_example
vs_c8d341241fbfd2ad23111b71082b9757f62be45fa69157f5a9388448b5c076d2	M01	vg_a18412b95987a8872d7a5d4d4b546669	44027	44444	-	60722	Accepted PHROG homology	false	16718				own_sequence_computational_evidence;unreviewed_illustrative_example
vs_c8d341241fbfd2ad23111b71082b9757f62be45fa69157f5a9388448b5c076d2	M01	vg_88c77b645a25be31de6547be36b14bcf	44440	44698	-	60722	Accepted PHROG homology	false	22392				own_sequence_computational_evidence;unreviewed_illustrative_example
vs_c8d341241fbfd2ad23111b71082b9757f62be45fa69157f5a9388448b5c076d2	M01	vg_19ef48d0574393961ba17afc4dbcecd4	44699	45710	-	60722	KO homology	true	24834			K06941	own_sequence_computational_evidence;unreviewed_illustrative_example
vs_c8d341241fbfd2ad23111b71082b9757f62be45fa69157f5a9388448b5c076d2	M01	vg_7d34c77996b11c8dbfc246070e9e66f3	45722	45899	-	60722	Accepted PHROG homology	false	24381				own_sequence_computational_evidence;unreviewed_illustrative_example
vs_c8d341241fbfd2ad23111b71082b9757f62be45fa69157f5a9388448b5c076d2	M01	vg_554e6d6795b1d974a9f2cf0d97c2e1b0	45904	46066	-	60722	Accepted PHROG homology	false	19994				own_sequence_computational_evidence;unreviewed_illustrative_example
vs_c8d341241fbfd2ad23111b71082b9757f62be45fa69157f5a9388448b5c076d2	M01	vg_4fd970dc388aa8560ffc05722ffe8be8	46062	46878	-	60722	KO homology	false	1033			K03497	own_sequence_computational_evidence;unreviewed_illustrative_example
vs_c8d341241fbfd2ad23111b71082b9757f62be45fa69157f5a9388448b5c076d2	M01	vg_78aa8e6c7018bf789f3bd4fd361ed571	47030	47501	-	60722	Accepted PHROG homology	false	8581				own_sequence_computational_evidence;unreviewed_illustrative_example
vs_c8d341241fbfd2ad23111b71082b9757f62be45fa69157f5a9388448b5c076d2	M01	vg_3f577f25fd84c1d5532b0560bb76d4dc	47508	47772	-	60722	Accepted PHROG homology	false	13941				own_sequence_computational_evidence;unreviewed_illustrative_example
vs_c8d341241fbfd2ad23111b71082b9757f62be45fa69157f5a9388448b5c076d2	M01	vg_22e8d18f1c3ccebed44668ec2a740f82	47768	48305	-	60722	Accepted PHROG homology	false	3277				own_sequence_computational_evidence;unreviewed_illustrative_example
vs_c8d341241fbfd2ad23111b71082b9757f62be45fa69157f5a9388448b5c076d2	M01	vg_5d0611a193ae67b9b56c91539232d67c	48348	49137	-	60722	Accepted PHROG homology	false	13246				own_sequence_computational_evidence;unreviewed_illustrative_example
vs_c8d341241fbfd2ad23111b71082b9757f62be45fa69157f5a9388448b5c076d2	M01	vg_b681860b2670537adbbd0754ee4acada	49211	49970	-	60722	Accepted PHROG homology	false	11501				own_sequence_computational_evidence;unreviewed_illustrative_example
vs_c8d341241fbfd2ad23111b71082b9757f62be45fa69157f5a9388448b5c076d2	M01	vg_b720a52656fd68e593ab8e257771b509	49995	50430	-	60722	Accepted PHROG homology	false	12688				own_sequence_computational_evidence;unreviewed_illustrative_example
vs_c8d341241fbfd2ad23111b71082b9757f62be45fa69157f5a9388448b5c076d2	M01	vg_1018b9074def7b7a9851ff4f86ca33a9	50473	51103	-	60722	Accepted PHROG homology	false	11581				own_sequence_computational_evidence;unreviewed_illustrative_example
vs_c8d341241fbfd2ad23111b71082b9757f62be45fa69157f5a9388448b5c076d2	M01	vg_f21fe85eaab8eafc70b8b4298bc94a6d	51234	51666	-	60722	Accepted PHROG homology	false	72				own_sequence_computational_evidence;unreviewed_illustrative_example
vs_c8d341241fbfd2ad23111b71082b9757f62be45fa69157f5a9388448b5c076d2	M01	vg_7ccc80958c97b314c0594eb25616492a	51670	52399	-	60722	Accepted PHROG homology	false	392				own_sequence_computational_evidence;unreviewed_illustrative_example
vs_c8d341241fbfd2ad23111b71082b9757f62be45fa69157f5a9388448b5c076d2	M01	vg_cfd5f9e5e289af519e367aecff52ae01	52405	53344	-	60722	KO homology	false	148			K07455	own_sequence_computational_evidence;unreviewed_illustrative_example
vs_c8d341241fbfd2ad23111b71082b9757f62be45fa69157f5a9388448b5c076d2	M01	vg_8f812f6ebbb065d4ae533058bab95f7a	53352	55314	-	60722	Accepted PHROG homology	false	77				own_sequence_computational_evidence;unreviewed_illustrative_example
vs_c8d341241fbfd2ad23111b71082b9757f62be45fa69157f5a9388448b5c076d2	M01	vg_9905c3c37e855a6c733cce4a2fa58126	55315	55600	-	60722	Accepted PHROG homology	false	17289				own_sequence_computational_evidence;unreviewed_illustrative_example
vs_c8d341241fbfd2ad23111b71082b9757f62be45fa69157f5a9388448b5c076d2	M01	vg_de370db46c8282567d6a9af2f69301c6	55603	55816	-	60722	Accepted PHROG homology	false	30437				own_sequence_computational_evidence;unreviewed_illustrative_example
vs_c8d341241fbfd2ad23111b71082b9757f62be45fa69157f5a9388448b5c076d2	M01	vg_ff9f26adcc67e9cee79a1470c5417f86	55830	56382	-	60722	Accepted PHROG homology	false	10300				own_sequence_computational_evidence;unreviewed_illustrative_example
vs_c8d341241fbfd2ad23111b71082b9757f62be45fa69157f5a9388448b5c076d2	M01	vg_8e472c6d4a232ed21eaf45a9c0e10236	56378	56624	-	60722	No highlighted annotation	false					own_sequence_computational_evidence;unreviewed_illustrative_example
vs_c8d341241fbfd2ad23111b71082b9757f62be45fa69157f5a9388448b5c076d2	M01	vg_1025e83c8f5e39d4987f865e1fed7410	56768	57212	+	60722	No highlighted annotation	false					own_sequence_computational_evidence;unreviewed_illustrative_example
vs_c8d341241fbfd2ad23111b71082b9757f62be45fa69157f5a9388448b5c076d2	M01	vg_a40aa989d562b272493616387a73d1c2	57242	57443	+	60722	Accepted PHROG homology	false	17456				own_sequence_computational_evidence;unreviewed_illustrative_example
vs_c8d341241fbfd2ad23111b71082b9757f62be45fa69157f5a9388448b5c076d2	M01	vg_afc1f5322f780ec69e4b3c8153af0c12	57466	57700	+	60722	Accepted PHROG homology	false	9710				own_sequence_computational_evidence;unreviewed_illustrative_example
vs_c8d341241fbfd2ad23111b71082b9757f62be45fa69157f5a9388448b5c076d2	M01	vg_fa9d2cd5e9f1b1c108e317fe318c3623	57754	57859	-	60722	No highlighted annotation	false					own_sequence_computational_evidence;unreviewed_illustrative_example
vs_c8d341241fbfd2ad23111b71082b9757f62be45fa69157f5a9388448b5c076d2	M01	vg_aaaa33ec21fecdd7c523bfe4d69b9d97	57863	58109	-	60722	Accepted PHROG homology	false	23063				own_sequence_computational_evidence;unreviewed_illustrative_example
vs_c8d341241fbfd2ad23111b71082b9757f62be45fa69157f5a9388448b5c076d2	M01	vg_d89419f76f96f3e6f6905a5a5fc1bf69	58471	58891	+	60722	Accepted PHROG homology	false	21933				own_sequence_computational_evidence;unreviewed_illustrative_example
vs_c8d341241fbfd2ad23111b71082b9757f62be45fa69157f5a9388448b5c076d2	M01	vg_a6fd18946ba558ea73866555e4a0d7b3	59399	60722	-	60722	Accepted PHROG homology	false	216				own_sequence_computational_evidence;unreviewed_illustrative_example
vs_271528d7e556eb1843ae0130b42e6a718d330bd5632aff3643bcc7d39b5c686d	M02	vg_b8d2745822dd2c9507151a93930d0bd0	556	790	+	44313	Accepted PHROG homology	true	10608				own_sequence_computational_evidence;unreviewed_illustrative_example
vs_271528d7e556eb1843ae0130b42e6a718d330bd5632aff3643bcc7d39b5c686d	M02	vg_42a5d5fe708e0ef0db602358bae9b822	1213	1690	-	44313	Accepted PHROG homology	true	6201				own_sequence_computational_evidence;unreviewed_illustrative_example
vs_271528d7e556eb1843ae0130b42e6a718d330bd5632aff3643bcc7d39b5c686d	M02	vg_667380baa4f836fefd2b6632321a36e6	2031	2253	+	44313	No highlighted annotation	false					own_sequence_computational_evidence;unreviewed_illustrative_example
vs_271528d7e556eb1843ae0130b42e6a718d330bd5632aff3643bcc7d39b5c686d	M02	vg_4cebef36ae8e09add47cbfeefe77de39	2399	2705	+	44313	No highlighted annotation	false					own_sequence_computational_evidence;unreviewed_illustrative_example
vs_271528d7e556eb1843ae0130b42e6a718d330bd5632aff3643bcc7d39b5c686d	M02	vg_8fb35ac52250ffd0e2de1bad3d770cdb	2733	3114	+	44313	Accepted PHROG homology	true	16858				own_sequence_computational_evidence;unreviewed_illustrative_example
vs_271528d7e556eb1843ae0130b42e6a718d330bd5632aff3643bcc7d39b5c686d	M02	vg_9eebe627cd15bea46cf38e2c55a64119	3125	5231	+	44313	Accepted PHROG homology	false	310				own_sequence_computational_evidence;unreviewed_illustrative_example
vs_271528d7e556eb1843ae0130b42e6a718d330bd5632aff3643bcc7d39b5c686d	M02	vg_775ecc47605d5c501bda5256e3207a3a	5267	6149	+	44313	Accepted PHROG homology	false	296				own_sequence_computational_evidence;unreviewed_illustrative_example
vs_271528d7e556eb1843ae0130b42e6a718d330bd5632aff3643bcc7d39b5c686d	M02	vg_5720276fe8406adb9191dcb68277854e	6145	6403	+	44313	Accepted PHROG homology	false	28300				own_sequence_computational_evidence;unreviewed_illustrative_example
vs_271528d7e556eb1843ae0130b42e6a718d330bd5632aff3643bcc7d39b5c686d	M02	vg_f3757a65c920c892de8b292101cb055d	6371	7034	+	44313	Accepted PHROG homology	false	6891				own_sequence_computational_evidence;unreviewed_illustrative_example
vs_271528d7e556eb1843ae0130b42e6a718d330bd5632aff3643bcc7d39b5c686d	M02	vg_043b433e5a7e7600b435595b29ec5f51	7014	7236	+	44313	No highlighted annotation	false					own_sequence_computational_evidence;unreviewed_illustrative_example
vs_271528d7e556eb1843ae0130b42e6a718d330bd5632aff3643bcc7d39b5c686d	M02	vg_990890ce3db5296d630b8b72ff859ca7	7235	7706	+	44313	Accepted PHROG homology	false	355				own_sequence_computational_evidence;unreviewed_illustrative_example
vs_271528d7e556eb1843ae0130b42e6a718d330bd5632aff3643bcc7d39b5c686d	M02	vg_1457393b1b72881b9de121330ac51132	7724	7958	+	44313	No highlighted annotation	false					own_sequence_computational_evidence;unreviewed_illustrative_example
vs_271528d7e556eb1843ae0130b42e6a718d330bd5632aff3643bcc7d39b5c686d	M02	vg_f293d76619357c62e64625a9bc652ff4	7959	8382	+	44313	Accepted PHROG homology	false	14123				own_sequence_computational_evidence;unreviewed_illustrative_example
vs_271528d7e556eb1843ae0130b42e6a718d330bd5632aff3643bcc7d39b5c686d	M02	vg_a5fe0f26db294e49724dafe1a89e09e5	8388	8574	+	44313	No highlighted annotation	false					own_sequence_computational_evidence;unreviewed_illustrative_example
vs_271528d7e556eb1843ae0130b42e6a718d330bd5632aff3643bcc7d39b5c686d	M02	vg_c5ca7f125497ed1a7e2f9858b147d332	8644	8758	+	44313	No highlighted annotation	false					own_sequence_computational_evidence;unreviewed_illustrative_example
vs_271528d7e556eb1843ae0130b42e6a718d330bd5632aff3643bcc7d39b5c686d	M02	vg_df079ceb559c93d6b16cf2e97a3802f4	8776	9439	+	44313	Accepted PHROG homology	false	846				own_sequence_computational_evidence;unreviewed_illustrative_example
vs_271528d7e556eb1843ae0130b42e6a718d330bd5632aff3643bcc7d39b5c686d	M02	vg_ad5b59385c420650fc21c331df6b34d9	9549	9819	+	44313	Accepted PHROG homology	false	17154				own_sequence_computational_evidence;unreviewed_illustrative_example
vs_271528d7e556eb1843ae0130b42e6a718d330bd5632aff3643bcc7d39b5c686d	M02	vg_2efefcecbc3b8811a32e5544a7a6960c	9801	10263	-	44313	Accepted PHROG homology	false	6911				own_sequence_computational_evidence;unreviewed_illustrative_example
vs_271528d7e556eb1843ae0130b42e6a718d330bd5632aff3643bcc7d39b5c686d	M02	vg_d261e86d6a33ac3c6fe43c5150172642	10267	10897	-	44313	Accepted PHROG homology	false	26				own_sequence_computational_evidence;unreviewed_illustrative_example
vs_271528d7e556eb1843ae0130b42e6a718d330bd5632aff3643bcc7d39b5c686d	M02	vg_38c4e7265e3530ea870dba8298339540	10959	11208	+	44313	No highlighted annotation	false					own_sequence_computational_evidence;unreviewed_illustrative_example
vs_271528d7e556eb1843ae0130b42e6a718d330bd5632aff3643bcc7d39b5c686d	M02	vg_e69b12747029deed9af94479e364143a	11169	12675	-	44313	Accepted PHROG homology	false	28631				own_sequence_computational_evidence;unreviewed_illustrative_example
vs_271528d7e556eb1843ae0130b42e6a718d330bd5632aff3643bcc7d39b5c686d	M02	vg_4f3e21488c35734ded3722ec91854e97	12713	14066	-	44313	Accepted PHROG homology	false	35074				own_sequence_computational_evidence;unreviewed_illustrative_example
vs_271528d7e556eb1843ae0130b42e6a718d330bd5632aff3643bcc7d39b5c686d	M02	vg_5a859f214fe09b4a5c4eb3219862811c	14078	14504	-	44313	No highlighted annotation	false					own_sequence_computational_evidence;unreviewed_illustrative_example
vs_271528d7e556eb1843ae0130b42e6a718d330bd5632aff3643bcc7d39b5c686d	M02	vg_ea1c457004f151727038d9136bfcda7b	14525	16058	-	44313	Accepted PHROG homology	false	38				own_sequence_computational_evidence;unreviewed_illustrative_example
vs_271528d7e556eb1843ae0130b42e6a718d330bd5632aff3643bcc7d39b5c686d	M02	vg_c4497e801757546b5faf3760b6060319	16069	16513	-	44313	Accepted PHROG homology	false	4151				own_sequence_computational_evidence;unreviewed_illustrative_example
vs_271528d7e556eb1843ae0130b42e6a718d330bd5632aff3643bcc7d39b5c686d	M02	vg_c8f7a963004ff5339ffae197682c0a16	16710	17757	+	44313	KO homology	true	2976			K01358	own_sequence_computational_evidence;unreviewed_illustrative_example
vs_271528d7e556eb1843ae0130b42e6a718d330bd5632aff3643bcc7d39b5c686d	M02	vg_7f9778282fca7844186255f00adc25db	17764	18964	+	44313	Accepted PHROG homology	false	11320				own_sequence_computational_evidence;unreviewed_illustrative_example
vs_271528d7e556eb1843ae0130b42e6a718d330bd5632aff3643bcc7d39b5c686d	M02	vg_7cd35a075c623924ce73ab75fc13bfac	18970	19435	+	44313	Accepted PHROG homology	false	822				own_sequence_computational_evidence;unreviewed_illustrative_example
vs_271528d7e556eb1843ae0130b42e6a718d330bd5632aff3643bcc7d39b5c686d	M02	vg_dbd30a7deaa7ab138f654becb95772d5	19462	19840	+	44313	No highlighted annotation	false					own_sequence_computational_evidence;unreviewed_illustrative_example
vs_271528d7e556eb1843ae0130b42e6a718d330bd5632aff3643bcc7d39b5c686d	M02	vg_b6ee523677c1b34652e3249a584f5a0f	19868	20348	+	44313	Accepted PHROG homology	false	23256				own_sequence_computational_evidence;unreviewed_illustrative_example
vs_271528d7e556eb1843ae0130b42e6a718d330bd5632aff3643bcc7d39b5c686d	M02	vg_aae9bbb56bf52222e14829f98127d68b	20289	20640	+	44313	No highlighted annotation	false					own_sequence_computational_evidence;unreviewed_illustrative_example
vs_271528d7e556eb1843ae0130b42e6a718d330bd5632aff3643bcc7d39b5c686d	M02	vg_8ac5c9213bff5c59cc28950960db0560	20636	21212	+	44313	Accepted PHROG homology	false	6767				own_sequence_computational_evidence;unreviewed_illustrative_example
vs_271528d7e556eb1843ae0130b42e6a718d330bd5632aff3643bcc7d39b5c686d	M02	vg_95d3d23976336fbe0edf39c620a83204	21215	21704	+	44313	Accepted PHROG homology	false	14983				own_sequence_computational_evidence;unreviewed_illustrative_example
vs_271528d7e556eb1843ae0130b42e6a718d330bd5632aff3643bcc7d39b5c686d	M02	vg_9fe4eb94b92da2f324d31d747732cd00	21945	25593	+	44313	Accepted PHROG homology	false	14295				own_sequence_computational_evidence;unreviewed_illustrative_example
vs_271528d7e556eb1843ae0130b42e6a718d330bd5632aff3643bcc7d39b5c686d	M02	vg_4ffbb4976c82dca1f640e24c5892a3ff	25594	26059	+	44313	Accepted PHROG homology	false	6305				own_sequence_computational_evidence;unreviewed_illustrative_example
vs_271528d7e556eb1843ae0130b42e6a718d330bd5632aff3643bcc7d39b5c686d	M02	vg_5f16d6603c4264ff507d8c2e7a835fb5	26080	30061	+	44313	Accepted PHROG homology	false	22546				own_sequence_computational_evidence;unreviewed_illustrative_example
vs_271528d7e556eb1843ae0130b42e6a718d330bd5632aff3643bcc7d39b5c686d	M02	vg_9ebc8012bffa6c83e11467dfd411a432	30074	30362	+	44313	No highlighted annotation	false					own_sequence_computational_evidence;unreviewed_illustrative_example
vs_271528d7e556eb1843ae0130b42e6a718d330bd5632aff3643bcc7d39b5c686d	M02	vg_230f74e71bfc4860333a908cd5ec9d25	30358	31078	+	44313	No highlighted annotation	false					own_sequence_computational_evidence;unreviewed_illustrative_example
vs_271528d7e556eb1843ae0130b42e6a718d330bd5632aff3643bcc7d39b5c686d	M02	vg_9a650334fea1c86f0d4d2f858cbf15ae	31080	31269	+	44313	No highlighted annotation	false					own_sequence_computational_evidence;unreviewed_illustrative_example
vs_271528d7e556eb1843ae0130b42e6a718d330bd5632aff3643bcc7d39b5c686d	M02	vg_48971c4ed98bfb4465ec11d6c94607ba	31294	37846	+	44313	Accepted PHROG homology	false	14959				own_sequence_computational_evidence;unreviewed_illustrative_example
vs_271528d7e556eb1843ae0130b42e6a718d330bd5632aff3643bcc7d39b5c686d	M02	vg_13761517204edc3fa0df711c91ca0c63	37975	38209	+	44313	Accepted PHROG homology	false	38535				own_sequence_computational_evidence;unreviewed_illustrative_example
vs_271528d7e556eb1843ae0130b42e6a718d330bd5632aff3643bcc7d39b5c686d	M02	vg_7c19011c3bb2ba2b232bb7c4862ac0ee	38584	39886	+	44313	KO homology	true	1423			K00986	own_sequence_computational_evidence;unreviewed_illustrative_example
vs_271528d7e556eb1843ae0130b42e6a718d330bd5632aff3643bcc7d39b5c686d	M02	vg_576cc545ae8ff484cd3e018e26708c0d	39918	40368	+	44313	Accepted PHROG homology	false	19239				own_sequence_computational_evidence;unreviewed_illustrative_example
vs_271528d7e556eb1843ae0130b42e6a718d330bd5632aff3643bcc7d39b5c686d	M02	vg_5e2fd06972228b16cf0d8074a02b5fc1	40553	40796	+	44313	Accepted PHROG homology	false	17790				own_sequence_computational_evidence;unreviewed_illustrative_example
vs_271528d7e556eb1843ae0130b42e6a718d330bd5632aff3643bcc7d39b5c686d	M02	vg_1e80ed8891b07fe6affbba8c790c3224	40862	41501	+	44313	Accepted PHROG homology	false	160				own_sequence_computational_evidence;unreviewed_illustrative_example
vs_271528d7e556eb1843ae0130b42e6a718d330bd5632aff3643bcc7d39b5c686d	M02	vg_73f6315e1f3014074fb8a79742a5b98f	41548	42358	+	44313	Anti-defense system gene	true	28718		hia5_hin1523_nma1821		own_sequence_computational_evidence;unreviewed_illustrative_example
vs_271528d7e556eb1843ae0130b42e6a718d330bd5632aff3643bcc7d39b5c686d	M02	vg_38b332a4882a342400f9344e89280559	42579	43068	+	44313	No highlighted annotation	false					own_sequence_computational_evidence;unreviewed_illustrative_example
vs_271528d7e556eb1843ae0130b42e6a718d330bd5632aff3643bcc7d39b5c686d	M02	vg_b520d37b9b8782aaf2e2f16c3c911d82	43054	43852	+	44313	Accepted PHROG homology	false	3277				own_sequence_computational_evidence;unreviewed_illustrative_example
vs_271528d7e556eb1843ae0130b42e6a718d330bd5632aff3643bcc7d39b5c686d	M02	vg_7db0521bcb0e6e14c9bf84422610afc6	44219	44312	+	44313	No highlighted annotation	false					own_sequence_computational_evidence;unreviewed_illustrative_example
