alias	reference_id
V01	target_adabb5403bee053d1511
V02	target_9c44e9b7e86c7c177a3a
V03	target_d7e93ab8fb765fd374f8
V04	target_9e0ef13bb383744f1943
V05	target_1d3e70dba9611c77185b
V06	target_5139d056f5b6632c66ea
V07	target_3857e0b056bd75657f3e
V08	target_b7971e14c22765054614
V09	target_7ef84c72b06077bd8aff
V10	target_6b7960f6de3ec6b37bc4
V11	target_c9aa400177f32c88ef1b
V12	target_4e0baba92f240bc25b93
V13	target_eb58f9a8a47382b10c26
V14	target_1ae68210ac454d766de2
V15	target_6de6a31c40b396111fa3
V16	target_ad4680e022b606611023
V17	target_901f5366d7bbb73c9e1a
V18	target_98f9a2e5acf41cd1c3fc
V19	target_9a5c1f2ef61ebf4ccba2
V20	target_84ec75c001c705e6c379
V21	target_b488fb7a55e6c5f456fd
V22	target_7e1fa3ca4d465624d4ac
V23	target_234eadf46a02f7e90374
V24	target_edcd94bb95be7f26f968
