JobID|State|Elapsed|AllocCPUS|ReqMem|MaxRSS|ExitCode
1132|FAILED|00:00:01|6|44G||1:0
1132.batch|FAILED|00:00:01|6||1180K|1:0
1133|COMPLETED|02:07:22|6|44G||0:0
1133.batch|COMPLETED|02:07:22|6||46136520K|0:0
1134|COMPLETED|00:13:17|2|16G||0:0
1134.batch|COMPLETED|00:13:17|2||9742304K|0:0
1135|COMPLETED|00:00:08|1|8G||0:0
1135.batch|COMPLETED|00:00:08|1||718460K|0:0
1136|COMPLETED|00:07:32|2|12G||0:0
1136.batch|COMPLETED|00:07:32|2||5074108K|0:0
1137|COMPLETED|00:00:05|2|4G||0:0
1137.batch|COMPLETED|00:00:05|2||40432K|0:0
1138|COMPLETED|00:00:51|1|16G||0:0
1138.batch|COMPLETED|00:00:51|1||4180860K|0:0
1139|COMPLETED|00:57:12|14|64G||0:0
1139.batch|COMPLETED|00:57:12|14||53136508K|0:0
1140|COMPLETED|00:00:07|1|8G||0:0
1140.batch|COMPLETED|00:00:07|1||92612K|0:0
1141|COMPLETED|00:00:01|1|1G||0:0
1141.batch|COMPLETED|00:00:01|1||948K|0:0
