sample_id	decision	reason
SID31004	candidate	author_curation_ENA_agree_CRC_or_study_control
SID31009	candidate	author_curation_ENA_agree_CRC_or_study_control
SID31021	candidate	author_curation_ENA_agree_CRC_or_study_control
SID31030	excluded_from_CRC_control_primary	adenoma
SID31071	candidate	author_curation_ENA_agree_CRC_or_study_control
SID31112	candidate	author_curation_ENA_agree_CRC_or_study_control
SID31129	candidate	author_curation_ENA_agree_CRC_or_study_control
SID31137	excluded_from_CRC_control_primary	adenoma
SID31159	candidate	author_curation_ENA_agree_CRC_or_study_control
SID31160	candidate	author_curation_ENA_agree_CRC_or_study_control
SID31188	candidate	author_curation_ENA_agree_CRC_or_study_control
SID31219	candidate	author_curation_ENA_agree_CRC_or_study_control
SID31223	candidate	author_curation_ENA_agree_CRC_or_study_control
SID31233	excluded_from_CRC_control_primary	adenoma
SID31236	candidate	author_curation_ENA_agree_CRC_or_study_control
SID31237	candidate	author_curation_ENA_agree_CRC_or_study_control
SID31256	excluded_from_CRC_control_primary	adenoma
SID31267	candidate	author_curation_ENA_agree_CRC_or_study_control
SID31275	excluded_from_CRC_control_primary	adenoma
SID31276	candidate	author_curation_ENA_agree_CRC_or_study_control
SID31282	excluded_from_CRC_control_primary	adenoma
SID31285	candidate	author_curation_ENA_agree_CRC_or_study_control
SID31300	candidate	author_curation_ENA_agree_CRC_or_study_control
SID31328	candidate	author_curation_ENA_agree_CRC_or_study_control
SID31333	candidate	author_curation_ENA_agree_CRC_or_study_control
SID31337	excluded_from_CRC_control_primary	adenoma
SID31343	candidate	author_curation_ENA_agree_CRC_or_study_control
SID31360	candidate	author_curation_ENA_agree_CRC_or_study_control
SID31367	candidate	author_curation_ENA_agree_CRC_or_study_control
SID31379	candidate	author_curation_ENA_agree_CRC_or_study_control
SID31398	excluded_from_CRC_control_primary	adenoma
SID31416	candidate	author_curation_ENA_agree_CRC_or_study_control
SID31424	excluded_from_CRC_control_primary	adenoma
SID31428	candidate	author_curation_ENA_agree_CRC_or_study_control
SID31431	excluded_from_CRC_control_primary	adenoma
SID31446	candidate	author_curation_ENA_agree_CRC_or_study_control
SID31449	excluded_from_CRC_control_primary	adenoma
SID31450	candidate	author_curation_ENA_agree_CRC_or_study_control
SID31452	candidate	author_curation_ENA_agree_CRC_or_study_control
SID31455	excluded_from_CRC_control_primary	adenoma
SID31477	excluded_from_CRC_control_primary	adenoma
SID31489	candidate	author_curation_ENA_agree_CRC_or_study_control
SID31493	candidate	author_curation_ENA_agree_CRC_or_study_control
SID31501	excluded_from_CRC_control_primary	adenoma
SID31512	candidate	author_curation_ENA_agree_CRC_or_study_control
SID31519	candidate	author_curation_ENA_agree_CRC_or_study_control
SID31537	candidate	author_curation_ENA_agree_CRC_or_study_control
SID31549	candidate	author_curation_ENA_agree_CRC_or_study_control
SID31557	candidate	author_curation_ENA_agree_CRC_or_study_control
SID31582	excluded_from_CRC_control_primary	adenoma
SID31637	candidate	author_curation_ENA_agree_CRC_or_study_control
SID31685	candidate	author_curation_ENA_agree_CRC_or_study_control
SID31700	candidate	author_curation_ENA_agree_CRC_or_study_control
SID31705	excluded_from_CRC_control_primary	adenoma
SID31711	candidate	author_curation_ENA_agree_CRC_or_study_control
SID31714	candidate	author_curation_ENA_agree_CRC_or_study_control
SID31723	candidate	author_curation_ENA_agree_CRC_or_study_control
SID31749	candidate	author_curation_ENA_agree_CRC_or_study_control
SID31750	candidate	author_curation_ENA_agree_CRC_or_study_control
SID31766	candidate	author_curation_ENA_agree_CRC_or_study_control
SID31865	candidate	author_curation_ENA_agree_CRC_or_study_control
SID31866	candidate	author_curation_ENA_agree_CRC_or_study_control
SID31868	candidate	author_curation_ENA_agree_CRC_or_study_control
SID31870	candidate	author_curation_ENA_agree_CRC_or_study_control
SID31871	candidate	author_curation_ENA_agree_CRC_or_study_control
SID31872	candidate	author_curation_ENA_agree_CRC_or_study_control
SID31873	candidate	author_curation_ENA_agree_CRC_or_study_control
SID31874	candidate	author_curation_ENA_agree_CRC_or_study_control
SID31875	candidate	author_curation_ENA_agree_CRC_or_study_control
SID31876	candidate	author_curation_ENA_agree_CRC_or_study_control
SID31877	candidate	author_curation_ENA_agree_CRC_or_study_control
SID31878	candidate	author_curation_ENA_agree_CRC_or_study_control
SID31879	candidate	author_curation_ENA_agree_CRC_or_study_control
SID31880	candidate	author_curation_ENA_agree_CRC_or_study_control
SID31881	candidate	author_curation_ENA_agree_CRC_or_study_control
SID31883	candidate	author_curation_ENA_agree_CRC_or_study_control
SID31884	candidate	author_curation_ENA_agree_CRC_or_study_control
SID530002	excluded_from_CRC_control_primary	adenoma
SID530018	excluded_from_CRC_control_primary	adenoma
SID530026	excluded_from_CRC_control_primary	adenoma
SID530028	excluded_from_CRC_control_primary	adenoma
SID530039	excluded_from_CRC_control_primary	adenoma
SID530041	excluded_from_CRC_control_primary	adenoma
SID530050	candidate	author_curation_ENA_agree_CRC_or_study_control
SID530052	candidate	author_curation_ENA_agree_CRC_or_study_control
SID530054	excluded_from_CRC_control_primary	adenoma
SID530055	candidate	author_curation_ENA_agree_CRC_or_study_control
SID530074	candidate	author_curation_ENA_agree_CRC_or_study_control
SID530075	candidate	author_curation_ENA_agree_CRC_or_study_control
SID530119	candidate	author_curation_ENA_agree_CRC_or_study_control
SID530142	excluded_from_CRC_control_primary	adenoma
SID530154	candidate	author_curation_ENA_agree_CRC_or_study_control
SID530163	candidate	author_curation_ENA_agree_CRC_or_study_control
SID530167	candidate	author_curation_ENA_agree_CRC_or_study_control
SID530168	excluded_from_CRC_control_primary	adenoma
SID530172	excluded_from_CRC_control_primary	adenoma
SID530177	candidate	author_curation_ENA_agree_CRC_or_study_control
SID530185	excluded_from_CRC_control_primary	adenoma
SID530215	candidate	author_curation_ENA_agree_CRC_or_study_control
SID530227	candidate	author_curation_ENA_agree_CRC_or_study_control
SID530251	candidate	author_curation_ENA_agree_CRC_or_study_control
SID530258	candidate	author_curation_ENA_agree_CRC_or_study_control
SID530262	excluded_from_CRC_control_primary	adenoma
SID530295	candidate	author_curation_ENA_agree_CRC_or_study_control
SID530297	excluded_from_CRC_control_primary	adenoma
SID530315	candidate	author_curation_ENA_agree_CRC_or_study_control
SID530323	excluded_from_CRC_control_primary	adenoma
SID530331	candidate	author_curation_ENA_agree_CRC_or_study_control
SID530348	excluded_from_CRC_control_primary	adenoma
SID530364	candidate	author_curation_ENA_agree_CRC_or_study_control
SID530368	candidate	author_curation_ENA_agree_CRC_or_study_control
SID530373	candidate	author_curation_ENA_agree_CRC_or_study_control
SID530394	candidate	author_curation_ENA_agree_CRC_or_study_control
SID530398	excluded_from_CRC_control_primary	adenoma
SID530403	excluded_from_CRC_control_primary	adenoma
SID530444	candidate	author_curation_ENA_agree_CRC_or_study_control
SID530450	excluded_from_CRC_control_primary	adenoma
SID530451	candidate	author_curation_ENA_agree_CRC_or_study_control
SID530558	excluded_from_CRC_control_primary	adenoma
SID530600	excluded_from_CRC_control_primary	adenoma
SID530623	excluded_from_CRC_control_primary	adenoma
SID530697	excluded_from_CRC_control_primary	adenoma
SID530705	excluded_from_CRC_control_primary	adenoma
SID530743	excluded_from_CRC_control_primary	adenoma
SID530756	excluded_from_CRC_control_primary	adenoma
SID530840	excluded_from_CRC_control_primary	adenoma
SID530867	excluded_from_CRC_control_primary	adenoma
SID530890	candidate	author_curation_ENA_agree_CRC_or_study_control
SID531128	candidate	author_curation_ENA_agree_CRC_or_study_control
SID531155	candidate	author_curation_ENA_agree_CRC_or_study_control
SID531248	candidate	author_curation_ENA_agree_CRC_or_study_control
SID531274	candidate	author_curation_ENA_agree_CRC_or_study_control
SID531277	candidate	author_curation_ENA_agree_CRC_or_study_control
SID531281	candidate	author_curation_ENA_agree_CRC_or_study_control
SID531333	candidate	author_curation_ENA_agree_CRC_or_study_control
SID531352	candidate	author_curation_ENA_agree_CRC_or_study_control
SID531361	candidate	author_curation_ENA_agree_CRC_or_study_control
SID531382	candidate	author_curation_ENA_agree_CRC_or_study_control
SID531403	excluded_from_CRC_control_primary	adenoma
SID531414	candidate	author_curation_ENA_agree_CRC_or_study_control
SID531416	candidate	author_curation_ENA_agree_CRC_or_study_control
SID531424	candidate	author_curation_ENA_agree_CRC_or_study_control
SID531469	candidate	author_curation_ENA_agree_CRC_or_study_control
SID531663	excluded_from_CRC_control_primary	adenoma
SID531766	candidate	author_curation_ENA_agree_CRC_or_study_control
SID531775	candidate	author_curation_ENA_agree_CRC_or_study_control
SID532305	excluded_from_CRC_control_primary	adenoma
SID532749	candidate	author_curation_ENA_agree_CRC_or_study_control
SID532779	candidate	author_curation_ENA_agree_CRC_or_study_control
SID532796	candidate	author_curation_ENA_agree_CRC_or_study_control
SID532802	candidate	author_curation_ENA_agree_CRC_or_study_control
SID532826	candidate	author_curation_ENA_agree_CRC_or_study_control
SID532832	excluded_from_CRC_control_primary	adenoma
SID532915	candidate	author_curation_ENA_agree_CRC_or_study_control
