cohort_id	partition	sample_id	subject_id	biosample	group	age	sex	country	body_site	disease_original	control_original	author_group	treatment_timing	run_accessions	archive_bytes	engineering16	status
FENG_AT_2015	discovery	SID31004	SID31004	SAMEA3136748	CRC	64	Male	Austria	feces	Colorectal Carcinoma;Hepatic Steatosis;Hypertension;Carcinoma	Case	CRC	unknown_not_imputed	ERR688505;ERR688358	3586736589	False	candidate_author_curation_ENA_concordant_final_clinical_QC_pending
FENG_AT_2015	discovery	SID31009	SID31009	SAMEA3136648	control	68	Male	Austria	feces	Hepatic Steatosis;Hypertension	Study Control	control	unknown_not_imputed	ERR688506;ERR688359	5738725563	False	candidate_author_curation_ENA_concordant_final_clinical_QC_pending
FENG_AT_2015	discovery	SID31021	SID31021	SAMEA3136638	control	60	Female	Austria	feces	Healthy	Study Control	control	unknown_not_imputed	ERR688507;ERR688360	5126611248	False	candidate_author_curation_ENA_concordant_final_clinical_QC_pending
FENG_AT_2015	discovery	SID31071	SID31071	SAMEA3136670	control	68	Male	Austria	feces	Hepatic Steatosis	Study Control	control	unknown_not_imputed	ERR688509;ERR688362	4418381530	False	candidate_author_curation_ENA_concordant_final_clinical_QC_pending
FENG_AT_2015	discovery	SID31112	SID31112	SAMEA3136657	control	66	Male	Austria	feces	Hepatic Steatosis	Study Control	control	unknown_not_imputed	ERR688510;ERR688363	4403864250	False	candidate_author_curation_ENA_concordant_final_clinical_QC_pending
FENG_AT_2015	discovery	SID31129	SID31129	SAMEA3136660	control	73	Male	Austria	feces	Type 2 Diabetes Mellitus;Hepatic Steatosis;Hypertension	Study Control	control	unknown_not_imputed	ERR688511;ERR688364	3357180193	False	candidate_author_curation_ENA_concordant_final_clinical_QC_pending
FENG_AT_2015	discovery	SID31159	SID31159	SAMEA3136769	CRC	73	Male	Austria	feces	Colorectal Carcinoma;Carcinoma	Case	CRC	unknown_not_imputed	ERR688513;ERR688366	4782565460	False	candidate_author_curation_ENA_concordant_final_clinical_QC_pending
FENG_AT_2015	discovery	SID31160	SID31160	SAMEA3136630	control	67	Female	Austria	feces	Hypertension	Study Control	control	unknown_not_imputed	ERR688514;ERR688367	4021792686	True	candidate_author_curation_ENA_concordant_final_clinical_QC_pending
FENG_AT_2015	discovery	SID31188	SID31188	SAMEA3136751	CRC	65	Male	Austria	feces	Colorectal Carcinoma;Hepatic Steatosis;Hypertension;Carcinoma	Case	CRC	unknown_not_imputed	ERR688515;ERR688368	4678403659	False	candidate_author_curation_ENA_concordant_final_clinical_QC_pending
FENG_AT_2015	discovery	SID31219	SID31219	SAMEA3136634	control	74	Female	Austria	feces	Hepatic Steatosis;Hypertension	Study Control	control	unknown_not_imputed	ERR688516;ERR688369	3599254761	False	candidate_author_curation_ENA_concordant_final_clinical_QC_pending
FENG_AT_2015	discovery	SID31223	SID31223	SAMEA3136738	CRC	65	Female	Austria	feces	Colorectal Carcinoma;Carcinoma	Case	CRC	unknown_not_imputed	ERR688517;ERR688370	4437958126	False	candidate_author_curation_ENA_concordant_final_clinical_QC_pending
FENG_AT_2015	discovery	SID31236	SID31236	SAMEA3136663	control	65	Male	Austria	feces	Hepatic Steatosis;Hypertension	Study Control	control	unknown_not_imputed	ERR688520;ERR688373	3817315649	False	candidate_author_curation_ENA_concordant_final_clinical_QC_pending
FENG_AT_2015	discovery	SID31237	SID31237	SAMEA3136747	CRC	67	Male	Austria	feces	Colorectal Carcinoma;Hepatic Steatosis;Hypertension;Carcinoma	Case	CRC	unknown_not_imputed	ERR688521;ERR688374	4816076431	False	candidate_author_curation_ENA_concordant_final_clinical_QC_pending
FENG_AT_2015	discovery	SID31267	SID31267	SAMEA3136676	control	67	Male	Austria	feces	Healthy	Study Control	control	unknown_not_imputed	ERR688523;ERR688376	4341593346	False	candidate_author_curation_ENA_concordant_final_clinical_QC_pending
FENG_AT_2015	discovery	SID31276	SID31276	SAMEA3136743	CRC	82	Male	Austria	feces	Colorectal Carcinoma;Hepatic Steatosis;Hypertension;Carcinoma	Case	CRC	unknown_not_imputed	ERR688525;ERR688378	4129222899	False	candidate_author_curation_ENA_concordant_final_clinical_QC_pending
FENG_AT_2015	discovery	SID31285	SID31285	SAMEA3136754	CRC	84	Male	Austria	feces	Colorectal Carcinoma;Type 2 Diabetes Mellitus;Hepatic Steatosis;Hypertension;Carcinoma	Case	CRC	unknown_not_imputed	ERR688527;ERR688380	5368856350	True	candidate_author_curation_ENA_concordant_final_clinical_QC_pending
FENG_AT_2015	discovery	SID31300	SID31300	SAMEA3136644	control	68	Female	Austria	feces	Hypertension	Study Control	control	unknown_not_imputed	ERR688528;ERR688381	4969709503	False	candidate_author_curation_ENA_concordant_final_clinical_QC_pending
FENG_AT_2015	discovery	SID31328	SID31328	SAMEA3136654	control	63	Male	Austria	feces	Type 2 Diabetes Mellitus;Hepatic Steatosis;Hypertension	Study Control	control	unknown_not_imputed	ERR688529;ERR688382	5102516157	False	candidate_author_curation_ENA_concordant_final_clinical_QC_pending
FENG_AT_2015	discovery	SID31333	SID31333	SAMEA3136673	control	68	Male	Austria	feces	Healthy	Study Control	control	unknown_not_imputed	ERR688530;ERR688383	4829520490	False	candidate_author_curation_ENA_concordant_final_clinical_QC_pending
FENG_AT_2015	discovery	SID31343	SID31343	SAMEA3136665	control	72	Male	Austria	feces	Type 2 Diabetes Mellitus;Hepatic Steatosis;Hypertension	Study Control	control	unknown_not_imputed	ERR688532;ERR688385	3854633054	False	candidate_author_curation_ENA_concordant_final_clinical_QC_pending
FENG_AT_2015	discovery	SID31360	SID31360	SAMEA3136664	control	71	Male	Austria	feces	Hypertension	Study Control	control	unknown_not_imputed	ERR688533;ERR688386	4402135840	True	candidate_author_curation_ENA_concordant_final_clinical_QC_pending
FENG_AT_2015	discovery	SID31367	SID31367	SAMEA3136765	CRC	86	Female	Austria	feces	Colorectal Carcinoma;Hypertension;Carcinoma	Case	CRC	unknown_not_imputed	ERR688534;ERR688387	5436015599	False	candidate_author_curation_ENA_concordant_final_clinical_QC_pending
FENG_AT_2015	discovery	SID31379	SID31379	SAMEA3136656	control	63	Male	Austria	feces	Type 2 Diabetes Mellitus;Hepatic Steatosis;Hypertension	Study Control	control	unknown_not_imputed	ERR688535;ERR688388	5437392377	False	candidate_author_curation_ENA_concordant_final_clinical_QC_pending
FENG_AT_2015	discovery	SID31416	SID31416	SAMEA3136650	control	72	Male	Austria	feces	Type 2 Diabetes Mellitus;Hypertension	Study Control	control	unknown_not_imputed	ERR688537;ERR688390	5252385064	True	candidate_author_curation_ENA_concordant_final_clinical_QC_pending
FENG_AT_2015	discovery	SID31428	SID31428	SAMEA3136626	control	69	Female	Austria	feces	Hypertension	Study Control	control	unknown_not_imputed	ERR688539;ERR688392	5356890412	False	candidate_author_curation_ENA_concordant_final_clinical_QC_pending
FENG_AT_2015	discovery	SID31446	SID31446	SAMEA3136724	CRC	84	Female	Austria	feces	Colorectal Carcinoma;Hypertension;Carcinoma	Case	CRC	unknown_not_imputed	ERR688541;ERR688394	5634070445	False	candidate_author_curation_ENA_concordant_final_clinical_QC_pending
FENG_AT_2015	discovery	SID31450	SID31450	SAMEA3136668	control	67	Male	Austria	feces	Hepatic Steatosis;Hypertension	Study Control	control	unknown_not_imputed	ERR688543;ERR688396	3577596885	False	candidate_author_curation_ENA_concordant_final_clinical_QC_pending
FENG_AT_2015	discovery	SID31452	SID31452	SAMEA3136645	control	66	Female	Austria	feces	Healthy	Study Control	control	unknown_not_imputed	ERR688544;ERR688397	4445458611	False	candidate_author_curation_ENA_concordant_final_clinical_QC_pending
FENG_AT_2015	discovery	SID31489	SID31489	SAMEA3136755	CRC	60	Male	Austria	feces	Colorectal Carcinoma;Hypertension;Carcinoma	Case	CRC	unknown_not_imputed	ERR688547;ERR688400	4213172824	False	candidate_author_curation_ENA_concordant_final_clinical_QC_pending
FENG_AT_2015	discovery	SID31493	SID31493	SAMEA3136766	CRC	68	Male	Austria	feces	Colorectal Carcinoma;Hepatic Steatosis;Hypertension;Carcinoma	Case	CRC	unknown_not_imputed	ERR688548;ERR688401	5178014116	False	candidate_author_curation_ENA_concordant_final_clinical_QC_pending
FENG_AT_2015	discovery	SID31512	SID31512	SAMEA3136662	control	64	Male	Austria	feces	Hepatic Steatosis	Study Control	control	unknown_not_imputed	ERR688550;ERR688403	3923182132	True	candidate_author_curation_ENA_concordant_final_clinical_QC_pending
FENG_AT_2015	discovery	SID31519	SID31519	SAMEA3136667	control	65	Male	Austria	feces	Healthy	Study Control	control	unknown_not_imputed	ERR688551;ERR688404	4010466108	False	candidate_author_curation_ENA_concordant_final_clinical_QC_pending
FENG_AT_2015	discovery	SID31537	SID31537	SAMEA3136624	control	70	Female	Austria	feces	Hypertension	Study Control	control	unknown_not_imputed	ERR688552;ERR688405	4426103584	False	candidate_author_curation_ENA_concordant_final_clinical_QC_pending
FENG_AT_2015	discovery	SID31549	SID31549	SAMEA3136728	CRC	84	Female	Austria	feces	Colorectal Carcinoma;Hepatic Steatosis;Hypertension;Carcinoma	Case	CRC	unknown_not_imputed	ERR688553;ERR688406	4915090563	False	candidate_author_curation_ENA_concordant_final_clinical_QC_pending
FENG_AT_2015	discovery	SID31557	SID31557	SAMEA3136635	control	74	Female	Austria	feces	Hepatic Steatosis	Study Control	control	unknown_not_imputed	ERR688554;ERR688407	4594338751	False	candidate_author_curation_ENA_concordant_final_clinical_QC_pending
FENG_AT_2015	discovery	SID31637	SID31637	SAMEA3136679	control	66	Male	Austria	feces	Hepatic Steatosis	Study Control	control	unknown_not_imputed	ERR688557;ERR688410	3837748211	False	candidate_author_curation_ENA_concordant_final_clinical_QC_pending
FENG_AT_2015	discovery	SID31685	SID31685	SAMEA3136756	CRC	74	Male	Austria	feces	Colorectal Carcinoma;Hepatic Steatosis;Hypertension;Carcinoma	Case	CRC	unknown_not_imputed	ERR688558;ERR688411	4377761485	False	candidate_author_curation_ENA_concordant_final_clinical_QC_pending
FENG_AT_2015	discovery	SID31700	SID31700	SAMEA3136632	control	72	Female	Austria	feces	Type 2 Diabetes Mellitus;Hepatic Steatosis;Hypertension	Study Control	control	unknown_not_imputed	ERR688559;ERR688412	5552829143	False	candidate_author_curation_ENA_concordant_final_clinical_QC_pending
FENG_AT_2015	discovery	SID31711	SID31711	SAMEA3136677	control	66	Male	Austria	feces	Hepatic Steatosis;Hypertension	Study Control	control	unknown_not_imputed	ERR688561;ERR688414	4525880812	False	candidate_author_curation_ENA_concordant_final_clinical_QC_pending
FENG_AT_2015	discovery	SID31714	SID31714	SAMEA3136633	control	69	Female	Austria	feces	Type 2 Diabetes Mellitus;Hepatic Steatosis;Hypertension	Study Control	control	unknown_not_imputed	ERR688562;ERR688415	5038346223	False	candidate_author_curation_ENA_concordant_final_clinical_QC_pending
FENG_AT_2015	discovery	SID31723	SID31723	SAMEA3136646	control	69	Female	Austria	feces	Healthy	Study Control	control	unknown_not_imputed	ERR688563;ERR688416	4316407008	False	candidate_author_curation_ENA_concordant_final_clinical_QC_pending
FENG_AT_2015	discovery	SID31749	SID31749	SAMEA3136652	control	70	Male	Austria	feces	Hepatic Steatosis;Hypertension	Study Control	control	unknown_not_imputed	ERR688564;ERR688417	5182857991	False	candidate_author_curation_ENA_concordant_final_clinical_QC_pending
FENG_AT_2015	discovery	SID31750	SID31750	SAMEA3136658	control	66	Male	Austria	feces	Hepatic Steatosis	Study Control	control	unknown_not_imputed	ERR688565;ERR688418	4745696422	False	candidate_author_curation_ENA_concordant_final_clinical_QC_pending
FENG_AT_2015	discovery	SID31766	SID31766	SAMEA3136623	control	73	Female	Austria	feces	Hepatic Steatosis	Study Control	control	unknown_not_imputed	ERR688566;ERR688419	3326935995	False	candidate_author_curation_ENA_concordant_final_clinical_QC_pending
FENG_AT_2015	discovery	SID31865	SID31865	SAMEA3136737	CRC	55	Female	Austria	feces	Colorectal Carcinoma;Carcinoma	Case	CRC	unknown_not_imputed	ERR688568;ERR688421	3323810615	False	candidate_author_curation_ENA_concordant_final_clinical_QC_pending
FENG_AT_2015	discovery	SID31866	SID31866	SAMEA3136726	CRC	73	Female	Austria	feces	Colorectal Carcinoma;Hepatic Steatosis;Carcinoma	Case	CRC	unknown_not_imputed	ERR688569;ERR688422	5409239258	True	candidate_author_curation_ENA_concordant_final_clinical_QC_pending
FENG_AT_2015	discovery	SID31868	SID31868	SAMEA3136734	CRC	64	Female	Austria	feces	Colorectal Carcinoma;Carcinoma	Case	CRC	unknown_not_imputed	ERR688570;ERR688423	3945807007	False	candidate_author_curation_ENA_concordant_final_clinical_QC_pending
FENG_AT_2015	discovery	SID31870	SID31870	SAMEA3136758	CRC	63	Male	Austria	feces	Colorectal Carcinoma;Hepatic Steatosis;Hypertension;Carcinoma	Case	CRC	unknown_not_imputed	ERR688571;ERR688424	5312439768	False	candidate_author_curation_ENA_concordant_final_clinical_QC_pending
FENG_AT_2015	discovery	SID31871	SID31871	SAMEA3136750	CRC	72	Male	Austria	feces	Colorectal Carcinoma;Hypertension;Carcinoma	Case	CRC	unknown_not_imputed	ERR688572;ERR688425	5841211344	False	candidate_author_curation_ENA_concordant_final_clinical_QC_pending
FENG_AT_2015	discovery	SID31872	SID31872	SAMEA3136742	CRC	46	Male	Austria	feces	Colorectal Carcinoma;Type 2 Diabetes Mellitus;Hepatic Steatosis;Hypertension;Carcinoma	Case	CRC	unknown_not_imputed	ERR688573;ERR688426	4925997340	False	candidate_author_curation_ENA_concordant_final_clinical_QC_pending
FENG_AT_2015	discovery	SID31873	SID31873	SAMEA3136760	CRC	73	Male	Austria	feces	Colorectal Carcinoma;Hepatic Steatosis;Hypertension;Carcinoma	Case	CRC	unknown_not_imputed	ERR688574;ERR688427	5076787411	False	candidate_author_curation_ENA_concordant_final_clinical_QC_pending
FENG_AT_2015	discovery	SID31874	SID31874	SAMEA3136727	CRC	74	Female	Austria	feces	Colorectal Carcinoma;Type 2 Diabetes Mellitus;Hypertension;Carcinoma	Case	CRC	unknown_not_imputed	ERR688575;ERR688428	5332963551	False	candidate_author_curation_ENA_concordant_final_clinical_QC_pending
FENG_AT_2015	discovery	SID31875	SID31875	SAMEA3136752	CRC	58	Male	Austria	feces	Colorectal Carcinoma;Carcinoma	Case	CRC	unknown_not_imputed	ERR688576;ERR688429	5461899071	False	candidate_author_curation_ENA_concordant_final_clinical_QC_pending
FENG_AT_2015	discovery	SID31876	SID31876	SAMEA3136740	CRC	56	Female	Austria	feces	Colorectal Carcinoma;Hypertension;Carcinoma	Case	CRC	unknown_not_imputed	ERR688577;ERR688430	5025600422	False	candidate_author_curation_ENA_concordant_final_clinical_QC_pending
FENG_AT_2015	discovery	SID31877	SID31877	SAMEA3136731	CRC	72	Female	Austria	feces	Colorectal Carcinoma;Hypertension;Carcinoma	Case	CRC	unknown_not_imputed	ERR688578;ERR688431	4785970453	False	candidate_author_curation_ENA_concordant_final_clinical_QC_pending
FENG_AT_2015	discovery	SID31878	SID31878	SAMEA3136729	CRC	52	Female	Austria	feces	Colorectal Carcinoma;Carcinoma	Case	CRC	unknown_not_imputed	ERR688579;ERR688432	4638169817	False	candidate_author_curation_ENA_concordant_final_clinical_QC_pending
FENG_AT_2015	discovery	SID31879	SID31879	SAMEA3136767	CRC	71	Male	Austria	feces	Colorectal Carcinoma;Hepatic Steatosis;Carcinoma	Case	CRC	unknown_not_imputed	ERR688580;ERR688433	4900645460	False	candidate_author_curation_ENA_concordant_final_clinical_QC_pending
FENG_AT_2015	discovery	SID31880	SID31880	SAMEA3136761	CRC	74	Male	Austria	feces	Colorectal Carcinoma;Type 2 Diabetes Mellitus;Hypertension;Carcinoma	Case	CRC	unknown_not_imputed	ERR688581;ERR688434	5094697274	False	candidate_author_curation_ENA_concordant_final_clinical_QC_pending
FENG_AT_2015	discovery	SID31881	SID31881	SAMEA3136725	CRC	60	Female	Austria	feces	Colorectal Carcinoma;Carcinoma	Case	CRC	unknown_not_imputed	ERR688582;ERR688435	5893377136	False	candidate_author_curation_ENA_concordant_final_clinical_QC_pending
FENG_AT_2015	discovery	SID31883	SID31883	SAMEA3136763	CRC	43	Male	Austria	feces	Colorectal Carcinoma;Carcinoma	Case	CRC	unknown_not_imputed	ERR688583;ERR688436	6505143038	False	candidate_author_curation_ENA_concordant_final_clinical_QC_pending
FENG_AT_2015	discovery	SID31884	SID31884	SAMEA3136753	CRC	54	Male	Austria	feces	Colorectal Carcinoma;Hypertension;Carcinoma	Case	CRC	unknown_not_imputed	ERR688567;ERR688420	4219363767	False	candidate_author_curation_ENA_concordant_final_clinical_QC_pending
FENG_AT_2015	discovery	SID530050	SID530050	SAMEA3136629	control	71	Female	Austria	feces	Hypertension	Study Control	control	unknown_not_imputed	ERR688590;ERR688443	3459228887	False	candidate_author_curation_ENA_concordant_final_clinical_QC_pending
FENG_AT_2015	discovery	SID530052	SID530052	SAMEA3136661	control	64	Male	Austria	feces	Hepatic Steatosis	Study Control	control	unknown_not_imputed	ERR688591;ERR688444	3542374360	True	candidate_author_curation_ENA_concordant_final_clinical_QC_pending
FENG_AT_2015	discovery	SID530055	SID530055	SAMEA3136675	control	64	Male	Austria	feces	Hepatic Steatosis;Hypertension	Study Control	control	unknown_not_imputed	ERR688593;ERR688446	3819599827	False	candidate_author_curation_ENA_concordant_final_clinical_QC_pending
FENG_AT_2015	discovery	SID530074	SID530074	SAMEA3136639	control	68	Female	Austria	feces	Healthy	Study Control	control	unknown_not_imputed	ERR688594;ERR688447	3757613424	False	candidate_author_curation_ENA_concordant_final_clinical_QC_pending
FENG_AT_2015	discovery	SID530075	SID530075	SAMEA3136678	control	63	Male	Austria	feces	Hepatic Steatosis;Hypertension	Study Control	control	unknown_not_imputed	ERR688595;ERR688448	3936863615	False	candidate_author_curation_ENA_concordant_final_clinical_QC_pending
FENG_AT_2015	discovery	SID530119	SID530119	SAMEA3136651	control	70	Male	Austria	feces	Type 2 Diabetes Mellitus;Hepatic Steatosis;Hypertension	Study Control	control	unknown_not_imputed	ERR688596;ERR688449	4928989782	False	candidate_author_curation_ENA_concordant_final_clinical_QC_pending
FENG_AT_2015	discovery	SID530154	SID530154	SAMEA3136636	control	74	Female	Austria	feces	Hepatic Steatosis;Hypertension	Study Control	control	unknown_not_imputed	ERR688598;ERR688451	5196857505	False	candidate_author_curation_ENA_concordant_final_clinical_QC_pending
FENG_AT_2015	discovery	SID530163	SID530163	SAMEA3136655	control	63	Male	Austria	feces	Type 2 Diabetes Mellitus;Hepatic Steatosis	Study Control	control	unknown_not_imputed	ERR688599;ERR688452	4692339514	False	candidate_author_curation_ENA_concordant_final_clinical_QC_pending
FENG_AT_2015	discovery	SID530167	SID530167	SAMEA3136627	control	72	Female	Austria	feces	Hypertension	Study Control	control	unknown_not_imputed	ERR688600;ERR688453	4218682033	False	candidate_author_curation_ENA_concordant_final_clinical_QC_pending
FENG_AT_2015	discovery	SID530177	SID530177	SAMEA3136631	control	71	Female	Austria	feces	Healthy	Study Control	control	unknown_not_imputed	ERR688603;ERR688456	4232231398	False	candidate_author_curation_ENA_concordant_final_clinical_QC_pending
FENG_AT_2015	discovery	SID530215	SID530215	SAMEA3136666	control	65	Male	Austria	feces	Type 2 Diabetes Mellitus;Hepatic Steatosis;Hypertension	Study Control	control	unknown_not_imputed	ERR688605;ERR688458	3457456852	False	candidate_author_curation_ENA_concordant_final_clinical_QC_pending
FENG_AT_2015	discovery	SID530227	SID530227	SAMEA3136640	control	68	Female	Austria	feces	Hepatic Steatosis;Hypertension	Study Control	control	unknown_not_imputed	ERR688606;ERR688459	4784470149	False	candidate_author_curation_ENA_concordant_final_clinical_QC_pending
FENG_AT_2015	discovery	SID530251	SID530251	SAMEA3136649	control	72	Male	Austria	feces	Hypertension	Study Control	control	unknown_not_imputed	ERR688607;ERR688460	3397229834	False	candidate_author_curation_ENA_concordant_final_clinical_QC_pending
FENG_AT_2015	discovery	SID530258	SID530258	SAMEA3136672	control	65	Male	Austria	feces	Healthy	Study Control	control	unknown_not_imputed	ERR688608;ERR688461	4101608632	False	candidate_author_curation_ENA_concordant_final_clinical_QC_pending
FENG_AT_2015	discovery	SID530295	SID530295	SAMEA3136642	control	70	Female	Austria	feces	Healthy	Study Control	control	unknown_not_imputed	ERR688610;ERR688463	4835660221	True	candidate_author_curation_ENA_concordant_final_clinical_QC_pending
FENG_AT_2015	discovery	SID530315	SID530315	SAMEA3136628	control	75	Female	Austria	feces	Hepatic Steatosis;Hypertension	Study Control	control	unknown_not_imputed	ERR688612;ERR688465	3480168942	False	candidate_author_curation_ENA_concordant_final_clinical_QC_pending
FENG_AT_2015	discovery	SID530331	SID530331	SAMEA3136671	control	70	Male	Austria	feces	Healthy	Study Control	control	unknown_not_imputed	ERR688614;ERR688467	3843756629	False	candidate_author_curation_ENA_concordant_final_clinical_QC_pending
FENG_AT_2015	discovery	SID530364	SID530364	SAMEA3136653	control	63	Male	Austria	feces	Hypertension	Study Control	control	unknown_not_imputed	ERR688616;ERR688469	3830680874	False	candidate_author_curation_ENA_concordant_final_clinical_QC_pending
FENG_AT_2015	discovery	SID530368	SID530368	SAMEA3136643	control	70	Female	Austria	feces	Hypertension	Study Control	control	unknown_not_imputed	ERR688617;ERR688470	3556188809	True	candidate_author_curation_ENA_concordant_final_clinical_QC_pending
FENG_AT_2015	discovery	SID530373	SID530373	SAMEA3136732	CRC	47	Female	Austria	feces	Colorectal Carcinoma;Carcinoma	Case	CRC	unknown_not_imputed	ERR688618;ERR688471	4500659830	True	candidate_author_curation_ENA_concordant_final_clinical_QC_pending
FENG_AT_2015	discovery	SID530394	SID530394	SAMEA3136641	control	67	Female	Austria	feces	Healthy	Study Control	control	unknown_not_imputed	ERR688619;ERR688472	5822439732	False	candidate_author_curation_ENA_concordant_final_clinical_QC_pending
FENG_AT_2015	discovery	SID530444	SID530444	SAMEA3136637	control	62	Female	Austria	feces	Healthy	Study Control	control	unknown_not_imputed	ERR688622;ERR688475	4435038172	False	candidate_author_curation_ENA_concordant_final_clinical_QC_pending
FENG_AT_2015	discovery	SID530451	SID530451	SAMEA3136659	control	68	Male	Austria	feces	Hepatic Steatosis;Hypertension	Study Control	control	unknown_not_imputed	ERR688624;ERR688477	5395857318	False	candidate_author_curation_ENA_concordant_final_clinical_QC_pending
FENG_AT_2015	discovery	SID530890	SID530890	SAMEA3136746	CRC	77	Male	Austria	feces	Colorectal Carcinoma;Carcinoma	Case	CRC	unknown_not_imputed	ERR688634;ERR688487	5272032893	False	candidate_author_curation_ENA_concordant_final_clinical_QC_pending
FENG_AT_2015	discovery	SID531128	SID531128	SAMEA3136759	CRC	52	Male	Austria	feces	Colorectal Carcinoma;Carcinoma	Case	CRC	unknown_not_imputed	ERR688635;ERR688488	4117506812	False	candidate_author_curation_ENA_concordant_final_clinical_QC_pending
FENG_AT_2015	discovery	SID531155	SID531155	SAMEA3136733	CRC	72	Female	Austria	feces	Colorectal Carcinoma;Hypertension;Carcinoma	Case	CRC	unknown_not_imputed	ERR688636;ERR688489	4940254043	False	candidate_author_curation_ENA_concordant_final_clinical_QC_pending
FENG_AT_2015	discovery	SID531248	SID531248	SAMEA3136757	CRC	79	Male	Austria	feces	Colorectal Carcinoma;Hepatic Steatosis;Hypertension;Carcinoma	Case	CRC	unknown_not_imputed	ERR688637;ERR688490	5480123482	True	candidate_author_curation_ENA_concordant_final_clinical_QC_pending
FENG_AT_2015	discovery	SID531274	SID531274	SAMEA3136768	CRC	77	Male	Austria	feces	Colorectal Carcinoma;Carcinoma	Case	CRC	unknown_not_imputed	ERR688638;ERR688491	6714191320	False	candidate_author_curation_ENA_concordant_final_clinical_QC_pending
FENG_AT_2015	discovery	SID531277	SID531277	SAMEA3136749	CRC	64	Male	Austria	feces	Colorectal Carcinoma;Hepatic Steatosis;Carcinoma	Case	CRC	unknown_not_imputed	ERR688639;ERR688492	4739380341	True	candidate_author_curation_ENA_concordant_final_clinical_QC_pending
FENG_AT_2015	discovery	SID531281	SID531281	SAMEA3136730	CRC	72	Female	Austria	feces	Colorectal Carcinoma;Hepatic Steatosis;Hypertension;Carcinoma	Case	CRC	unknown_not_imputed	ERR688640;ERR688493	5069242622	False	candidate_author_curation_ENA_concordant_final_clinical_QC_pending
FENG_AT_2015	discovery	SID531333	SID531333	SAMEA3136744	CRC	69	Male	Austria	feces	Colorectal Carcinoma;Hepatic Steatosis;Hypertension;Carcinoma	Case	CRC	unknown_not_imputed	ERR688641;ERR688494	5065905033	False	candidate_author_curation_ENA_concordant_final_clinical_QC_pending
FENG_AT_2015	discovery	SID531352	SID531352	SAMEA3136764	CRC	66	Male	Austria	feces	Colorectal Carcinoma;Hypertension;Carcinoma	Case	CRC	unknown_not_imputed	ERR688642;ERR688495	5688004951	False	candidate_author_curation_ENA_concordant_final_clinical_QC_pending
FENG_AT_2015	discovery	SID531361	SID531361	SAMEA3136735	CRC	72	Female	Austria	feces	Colorectal Carcinoma;Hypertension;Carcinoma	Case	CRC	unknown_not_imputed	ERR688643;ERR688496	4237037989	True	candidate_author_curation_ENA_concordant_final_clinical_QC_pending
FENG_AT_2015	discovery	SID531382	SID531382	SAMEA3136745	CRC	65	Male	Austria	feces	Colorectal Carcinoma;Hypertension;Carcinoma	Case	CRC	unknown_not_imputed	ERR688644;ERR688497	4162836932	True	candidate_author_curation_ENA_concordant_final_clinical_QC_pending
FENG_AT_2015	discovery	SID531414	SID531414	SAMEA3136669	control	46	Male	Austria	feces	Healthy	Study Control	control	unknown_not_imputed	ERR688646;ERR688499	4656846631	False	candidate_author_curation_ENA_concordant_final_clinical_QC_pending
FENG_AT_2015	discovery	SID531416	SID531416	SAMEA3136741	CRC	63	Male	Austria	feces	Colorectal Carcinoma;Type 2 Diabetes Mellitus;Hepatic Steatosis;Hypertension;Carcinoma	Case	CRC	unknown_not_imputed	ERR688647;ERR688500	4740816200	False	candidate_author_curation_ENA_concordant_final_clinical_QC_pending
FENG_AT_2015	discovery	SID531424	SID531424	SAMEA3136647	control	46	Male	Austria	feces	Type 2 Diabetes Mellitus;Hepatic Steatosis	Study Control	control	unknown_not_imputed	ERR688648;ERR688501	4237496814	False	candidate_author_curation_ENA_concordant_final_clinical_QC_pending
FENG_AT_2015	discovery	SID531469	SID531469	SAMEA3136739	CRC	45	Female	Austria	feces	Colorectal Carcinoma;Carcinoma	Case	CRC	unknown_not_imputed	ERR688649;ERR688502	4238122805	True	candidate_author_curation_ENA_concordant_final_clinical_QC_pending
FENG_AT_2015	discovery	SID531766	SID531766	SAMEA3136762	CRC	72	Male	Austria	feces	Colorectal Carcinoma;Type 2 Diabetes Mellitus;Hepatic Steatosis;Hypertension;Carcinoma	Case	CRC	unknown_not_imputed	ERR688650;ERR688503	5960165678	False	candidate_author_curation_ENA_concordant_final_clinical_QC_pending
FENG_AT_2015	discovery	SID531775	SID531775	SAMEA3136736	CRC	77	Female	Austria	feces	Colorectal Carcinoma;Hypertension;Carcinoma	Case	CRC	unknown_not_imputed	ERR688651;ERR688504	3699785526	False	candidate_author_curation_ENA_concordant_final_clinical_QC_pending
FENG_AT_2015	discovery	SID532749	SID532749	SAMEA3178936	control	55	Male	Austria	feces	Type 2 Diabetes Mellitus;Hepatic Steatosis	Study Control	control	unknown_not_imputed	ERR710426;ERR710417	3980752354	False	candidate_author_curation_ENA_concordant_final_clinical_QC_pending
FENG_AT_2015	discovery	SID532779	SID532779	SAMEA3178937	control	70	Male	Austria	feces	Hypertension	Study Control	control	unknown_not_imputed	ERR710427;ERR710418	4563756026	False	candidate_author_curation_ENA_concordant_final_clinical_QC_pending
FENG_AT_2015	discovery	SID532796	SID532796	SAMEA3178938	control	73	Female	Austria	feces	Hepatic Steatosis;Hypertension	Study Control	control	unknown_not_imputed	ERR710428;ERR710419	4210954465	True	candidate_author_curation_ENA_concordant_final_clinical_QC_pending
FENG_AT_2015	discovery	SID532802	SID532802	SAMEA3178939	control	68	Male	Austria	feces	Healthy	Study Control	control	unknown_not_imputed	ERR710429;ERR710420	3564001560	False	candidate_author_curation_ENA_concordant_final_clinical_QC_pending
FENG_AT_2015	discovery	SID532826	SID532826	SAMEA3178940	control	78	Male	Austria	feces	Type 2 Diabetes Mellitus;Hepatic Steatosis;Hypertension	Study Control	control	unknown_not_imputed	ERR710430;ERR710421	3046949192	False	candidate_author_curation_ENA_concordant_final_clinical_QC_pending
FENG_AT_2015	discovery	SID532915	SID532915	SAMEA3178943	control	43	Female	Austria	feces	Healthy	Study Control	control	unknown_not_imputed	ERR710432;ERR710423	4261582824	False	candidate_author_curation_ENA_concordant_final_clinical_QC_pending
