source_occurrence_id	biological_sample_id	votu_id	membership_status	original_contig_id	start0	end0	contig_length	boundary_confidence	two_sided_host_marker_evidence	group	tool_active	tool_CohenD	tool_prophage-host_ratio	tool_prophage_mean_cov	tool_prophage_cov_breadth	tool_host_mean_cov	tool_host_len	host_usable_bp	host_breadth	strict_phage_mean	strict_host_mean	strict_ratio	local_host_bp	local_ratio	sensitivity_agreement	status	reason	replication_call
occ_0a68800cd36d8dd6c44c8dcc7aef8c83	SID31512		excluded_viral_eligibility_ineligible	SID31512_assembly__5a06b8cedf7e9c8a8b3b__a63d7958	3090	10438	10439	caller_only_not_independently_validated	false	control	dormant	0.14218197201828206	1.047286359817292	11.243367134324211	0.9797223734349483	10.735714285714286	2940	2940	1.0	11.243367134324211	10.735714285714286	1.047286359817292	2940	1.047286359817292	True	evaluable	coverage_qualified_caller_boundary	no_elevated_replication_evidence
occ_0b801dcb812d50f9e9617be62866d47d	SID31512		excluded_viral_eligibility_ineligible	SID31512_assembly__12aa6b2ab62f906f31f9__be6594ef	276	18279	28559	caller_only_not_independently_validated	false	control	dormant	0.09115296606187312	0.9621686745868201	10.529911681386436	1.0	10.943935257410297	10256	10256	1.0	10.288951841359774	10.943935257410297	0.9401510150923978	5126	0.9306102873879221	True	evaluable	coverage_qualified_caller_boundary	no_elevated_replication_evidence
occ_1c6f50ff0e1e70500c421fbddb4128f5	SID31512	votu_5c473974f64971851bbb	representative	SID31512_assembly__3deef7460813920e6a0c__4afa9371	75	40546	77699	caller_only_not_independently_validated	false	control	dormant	0.585897996648238	0.6494826955522335	22.055995643132984	0.9981468211805985	33.95932762208469	37003	37003	1.0	22.04819784137043	33.86938896846202	0.650977136372343	5000	0.850623838881762	True	evaluable	coverage_qualified_caller_boundary	no_elevated_replication_evidence
occ_2772a79e68e1a46f82bc184531095706	SID31512	votu_1bb6d255322759c00fb5	representative	SID31512_assembly__3f275814ffd7061d670b__d9e1345e	38679	49306	50406	caller_only_not_independently_validated	false	control	dormant	0.45214569380449343	0.8908069919301608	26.0009409993413	1.0	29.188074672610757	39479	39479	1.0	25.991719205796556	29.180703665239747	0.8907159849184195	5950	0.8622731470218973	True	evaluable	coverage_qualified_caller_boundary	no_elevated_replication_evidence
occ_2e7f1c841aa3a8d08770b3c70b629aef	SID31512		excluded_viral_eligibility_ineligible	SID31512_assembly__9705eb7403da1f608ad2__6cbc2a52	0	20323	27889	caller_only_not_independently_validated	unknown	control	dormant	0.5659681825505924	0.8945668220627246	54.2323898279879	0.9926191999212715	60.624190938511326	7416	7416	1.0	54.086600902196004	58.053532901833876	0.9316676901241172	5000	0.8812313919038163	True	evaluable	coverage_qualified_caller_boundary	no_elevated_replication_evidence
occ_332ea948cf7ec4a880a4479bf1a47a57	SID31512		excluded_viral_eligibility_ineligible	SID31512_assembly__a113a00f3fb90c20a17d__e07ca737	2	10973	35794	caller_only_not_independently_validated	false	control	dormant	0.41875453269996055	0.8984088034699674	24.85290584865564	0.9865098897092335	27.663248348263142	24671	24671	1.0	24.85281345283193	27.63986056503587	0.899165659477692	5000	0.9829188227178242	True	evaluable	coverage_qualified_caller_boundary	no_elevated_replication_evidence
occ_4146b6fe3c8ab52b21497a890d46f93d	SID31512	votu_d7bf3bcf9aacd699aa89	representative	SID31512_assembly__959fbfc4199903c57eb5__97ed94f6	121847	161396	174678	caller_only_not_independently_validated	false	control	dormant	0.213111417468896	1.057137401377852	27.334774583428153	1.0	25.8573526466858	134829	134829	1.0	27.168196414574325	25.853703580090336	1.0508435021857474	10000	1.075714837133351	True	evaluable	coverage_qualified_caller_boundary	no_elevated_replication_evidence
occ_43957a6a23dfea0413544945574fdea5	SID31512		excluded_viral_eligibility_ineligible	SID31512_assembly__d911ef70d8bd8248c6b0__f8cd4262	2	11834	22664	caller_only_not_independently_validated	false	control	dormant	0.4700650452824763	0.8840726105244874	22.983652858610064	0.9874915483434753	25.99747191011236	10680	10680	1.0	22.983567271482368	25.97106741573034	0.8849681418008072	5000	0.8886486358670125	True	evaluable	coverage_qualified_caller_boundary	no_elevated_replication_evidence
occ_44fc0109f047c122ddd94db855769be4	SID31512	votu_987545c8fa8efc2dbc5b	representative	SID31512_assembly__edae009deaf8d8403d53__b25da89c	39093	67681	125127	caller_only_not_independently_validated	false	control	dormant	0.13542688663315086	1.0325674741523174	28.37802574506786	1.0	27.482974677625496	96239	96239	1.0	28.37788582622079	27.478246864576732	1.0327400421896573	10000	1.0910596758530642	True	evaluable	coverage_qualified_caller_boundary	no_elevated_replication_evidence
occ_47d19f9534213628755f1aed23162f7c	SID31512		excluded_viral_eligibility_ineligible	SID31512_assembly__de12e4e91d77317bc6a0__e82f0b90	3528	16629	88919	caller_only_not_independently_validated	false	control	dormant	0.3543023468468158	0.8997658416533793	15.200595374398901	1.0	16.89394581424296	75518	75518	1.0	15.20051904434776	16.89166821155221	0.899882643559866	8378	0.9775895297974514	True	evaluable	coverage_qualified_caller_boundary	no_elevated_replication_evidence
occ_4bed9104a4e7cfe8e33ccb04dab799e3	SID31512		excluded_viral_eligibility_ineligible	SID31512_assembly__53cfbe914ae682866bf4__36140c42	22223	42777	42778	caller_only_not_independently_validated	false	control	dormant	1.2736962324708034	1.336650156145258	49.865474148493014	0.9927508027634524	37.30630181669913	22073	22073	1.0	49.85939720656702	37.3034476509763	1.3365895204397307	5000	1.5488096082896328	True	evaluable	coverage_qualified_caller_boundary	no_elevated_replication_evidence
occ_5572c3fa6d60dddccf1c4baee34ec922	SID31512	votu_96856ce23838e4468291	representative	SID31512_assembly__8df94402a74363ec5c56__1d8a1b8f	112554	171896	178234	caller_only_not_independently_validated	true	control	dormant	0.18174643916695782	0.9555251200511375	21.79109231235887	1.0	22.805357865623314	118592	118592	1.0	21.79099120353207	22.80050930922828	0.9557238791465235	10000	0.9906753126612264	True	evaluable	coverage_qualified_caller_boundary	no_elevated_replication_evidence
occ_58cfabd37a2188d44ec48183ef52a19a	SID31512	votu_da6bce2aca7df20bf0a8	representative	SID31512_assembly__561458ed622995a9b3db__254f9f8d	0	29872	54063	caller_only_not_independently_validated	unknown	control	dormant	1.6680368769700005	1.5024269546950233	54.63357109212031	0.9949785752544189	36.363545609583625	24041	24041	1.0	54.56893883318754	36.363254440331104	1.5006615791974933	5000	1.4474999891933507	True	evaluable	coverage_qualified_caller_boundary	no_elevated_replication_evidence
occ_609f4d8631d3ef3262512fe3a90373d3	SID31512	votu_b97bf3055e9df8b8a781	representative	SID31512_assembly__5c1f2d928b9b16171a51__c875daf3	4904	55129	64964	caller_only_not_independently_validated	true	control	dormant	0.2187479294226273	1.0466013322388756	61.40720756595321	1.0	58.672969042177435	14439	14439	1.0	61.40135390741663	58.666735923540415	1.046612751516297	9754	1.0307378758334267	True	evaluable	coverage_qualified_caller_boundary	no_elevated_replication_evidence
occ_6a17bbaf28edcebd6e69250bb993e0d0	SID31512		excluded_viral_eligibility_ineligible	SID31512_assembly__9d47cf8163a069f7820c__28881cb3	400	9384	18243	caller_only_not_independently_validated	false	control	dormant	1.9720015071330372	0.47530539868389243	15.738980409617097	1.0	33.11340551400826	8959	8959	1.0	15.738757791629563	32.778546712802765	0.4801542279933436	5250	0.47831646213619466	True	evaluable	coverage_qualified_caller_boundary	no_elevated_replication_evidence
occ_84031b622474db01f8b296c137c297b6	SID31512		excluded_viral_eligibility_ineligible	SID31512_assembly__5649d98c92720d650a38__10f5bc49	78122	89442	147019	caller_only_not_independently_validated	false	control	dormant	0.054490991186751145	1.0096553777192878	163.38038869257952	1.0	161.8179750219721	135399	135399	1.0	163.37128975265017	161.77698505897385	1.0098549536764772	10000	1.0110410312407068	True	evaluable	coverage_qualified_caller_boundary	no_elevated_replication_evidence
occ_95b5daa6cd95b06d8132384cc2b181e8	SID31512	votu_1391ca47df19bbb20775	representative	SID31512_assembly__1992c24e3c1d66976b13__396df47d	57	42283	50511	caller_only_not_independently_validated	false	control	dormant	0.27547145277791646	0.9218510628758267	12.266964137374504	0.9977975654809833	13.306882891804902	8078	8078	1.0	12.260176108988205	13.275563258232236	0.923514571133968	5000	0.9549694160847078	True	evaluable	coverage_qualified_caller_boundary	no_elevated_replication_evidence
occ_a1b757dc9f83a5d801df2b6969080bc5	SID31512	votu_b99fa5ddb5caf5bb86a9	representative	SID31512_assembly__9a81b3aa56fa6bd17846__fb12522e	0	29770	35908	caller_only_not_independently_validated	unknown	control	dormant	0.1997470827154217	1.0569321610274862	19.592606347062794	0.994961370507222	18.537241148964597	5988	5988	1.0	19.592505064145847	18.537241148964597	1.0569266972739464	5000	1.0631745754955826	True	evaluable	coverage_qualified_caller_boundary	no_elevated_replication_evidence
occ_b09463000cfee4f5c63d900652cfbadf	SID31512		excluded_viral_eligibility_ineligible	SID31512_assembly__ff6e229a399fb53a42f5__79e0fb32	84960	103881	180767	caller_only_not_independently_validated	false	control	dormant	0.025430256991189244	0.9938430057025135	103.6131811215052	1.0	104.25507904869201	161546	161546	1.0	103.6126526082131	104.20994639297786	0.9942683610783912	10000	0.8806458589964906	True	evaluable	coverage_qualified_caller_boundary	no_elevated_replication_evidence
occ_b6541bdfb8dad1a0c10fff5718095c5d	SID31512		excluded_viral_eligibility_ineligible	SID31512_assembly__b403bfe58a3a28526365__214a0d09	594	17692	119410	caller_only_not_independently_validated	false	control	dormant	0.26219786299383985	1.0732166341024139	23.435957421920694	1.0	21.837117201897815	102012	102012	1.0	23.43578196280267	21.833166686272204	1.0734027866666782	5444	1.0324611342591181	True	evaluable	coverage_qualified_caller_boundary	no_elevated_replication_evidence
occ_b74420e87ea566d5b424c575daadc6c7	SID31512		excluded_viral_eligibility_ineligible	SID31512_assembly__6e1fd462ab80215c0ab9__92f3d85d	10518	21414	21416	caller_only_not_independently_validated	false	control	dormant	0.4517589990436741	1.166155897708697	9.362765165612206	0.9864170337738619	8.028742283950617	10368	10368	1.0	9.362765165612206	8.028742283950617	1.166155897708697	5000	1.1292412637027458	True	evaluable	coverage_qualified_caller_boundary	no_elevated_replication_evidence
occ_bf39d9a7bfde31af1751f41f1e1db641	SID31512		excluded_viral_eligibility_ineligible	SID31512_assembly__2bafb7728a2fc9824c7c__8c960d95	2	17639	47235	caller_only_not_independently_validated	false	control	dormant	0.11357234730571497	0.9705475322152528	23.42541025787638	0.9916085502069513	24.136283366161788	29446	29446	1.0	23.37669392189376	24.11047340895198	0.9695659444502748	5000	0.9640165868804014	True	evaluable	coverage_qualified_caller_boundary	no_elevated_replication_evidence
occ_bfa5577e569303c9fc5b1e5fbb1d508c	SID31512		excluded_viral_eligibility_ineligible	SID31512_assembly__132c52eefede24828c33__ed4be4ad	13644	23478	23955	caller_only_not_independently_validated	false	control	dormant	0.16064970184705762	1.0416729146068142	34.272930648769574	1.0	32.901816076984296	13821	13821	1.0	34.24577994712223	31.83062007090659	1.0758753637483522	5327	1.075286983055413	True	evaluable	coverage_qualified_caller_boundary	no_elevated_replication_evidence
occ_c28c19ffcac9b3fed7ad427018dda911	SID31512	votu_f0f713a90add73ebf833	representative	SID31512_assembly__f6647e5fba017d0ac04a__8595a5d8	46826	82394	82395	caller_only_not_independently_validated	false	control	dormant	0.9696805244661618	1.3439929148711398	16.86942036759931	0.9958108412055781	12.551718227783015	46676	46676	1.0	16.86625822298766	12.55163253063673	1.343750160134114	5000	1.405785030633276	True	evaluable	coverage_qualified_caller_boundary	no_elevated_replication_evidence
occ_c87c883ae8c916c081d502a75837fda8	SID31512	votu_e53a6ec7242fb2550222	representative	SID31512_assembly__ff5a5820de5e77eeb118__2f2e3f80	5041	39735	39736	caller_only_not_independently_validated	false	control	dormant	0.09511394957539743	1.0152925473371055	81.7290780141844	0.995705309275379	80.49805765692088	4891	4891	1.0	81.72647271674627	80.34491923941934	1.0171952811752794	4891	1.0152925473371055	True	evaluable	coverage_qualified_caller_boundary	no_elevated_replication_evidence
occ_dcbb20691163adde458ecae7e4fb4fbc	SID31512	votu_738cf07ba6ea06a2f0fc	representative	SID31512_assembly__aef69221e6b01f20cdfa__7a9286b5	8529	28753	47337	caller_only_not_independently_validated	true	control	dormant	0.1196778977220661	0.9691784385725546	21.969442246835442	1.0	22.668108753216725	26813	26813	1.0	21.959948575949365	22.664379219035542	0.9689190409197471	10000	1.0292547316390463	True	evaluable	coverage_qualified_caller_boundary	no_elevated_replication_evidence
occ_f5bdd1f14e0ec3dda82f634c3112aa67	SID31512	votu_1a0bec952156d932207a	representative	SID31512_assembly__7cabd394a6c1da3860a9__5cb20e40	2	36143	56094	caller_only_not_independently_validated	false	control	dormant	0.5047176679377582	0.9106793944634212	62.4068568888395	0.9959049279211976	68.52780162618049	19801	19801	1.0	62.40496763259522	68.52022625119943	0.9107525039951665	5000	1.0028162041284412	True	evaluable	coverage_qualified_caller_boundary	no_elevated_replication_evidence
occ_fc4742f5f2d4d7bedfce0cb93b09869f	SID31512	votu_996cdf7d1e5ab962f65c	representative	SID31512_assembly__f35c7a7c068f2efbbd5c__f97137fe	174	19466	49131	caller_only_not_independently_validated	false	control	dormant	0.24749376132009462	0.9376434458902189	18.645293385859425	1.0	19.885270320593115	29539	29539	1.0	18.64524155090193	19.869257591658485	0.9383964883886541	5024	0.8710939031631988	True	evaluable	coverage_qualified_caller_boundary	no_elevated_replication_evidence
