taxon_id	accepted_name	synonyms	taxonomy_source_version	disease_direction	evidence_strength	supporting_studies	evidence_urls	sample_body_site	role	public_genome_supply	preselected_genomes	key_lineages	culture_availability_evidence	inclusion_reason	uncertainty
1307429;457403;457405;469601;469603;469607;556264;76859;997347;999414	Fusobacterium animalis	historical F. nucleatum subsp. animalis	NCBI_Datasets_2026-10-08;final_ANI_pending	CRC_enriched_lineage_dependent	literature_supported_taxon_or_subset;not_each_genome	FNA2024;FNTAX2025;CRC2025	https://www.nature.com/articles/s41586-024-07182-w;https://journals.asm.org/doi/10.1128/mbio.00941-25;https://www.nature.com/articles/s41591-025-03693-9	literature_CRC_stool_or_tissue;reference_sources_separate	deep	182	89	retain_current_species_subspecies_and_BioSample_lineage;sequence_phylogeny_pending	KCOM:2763	保留旧名与新种/谱系对应；不把旧Fna C1/C2当永恒分类	public_taxon_direction_not_individual_disease;culture_stock_availability_unchecked
1204474;1204475;1204476;1297579;1307428;1316586;1316587;1316588;1357398;1402202;1402203;1402204;1402205;1402206;1408287;190304;525283;76856;851	Fusobacterium nucleatum	see_NCBI_current_labels	NCBI_Datasets_2026-10-08;final_ANI_pending	CRC_enriched_lineage_dependent	literature_supported_taxon_or_subset;not_each_genome	CRC2025;FNTAX2025	https://www.nature.com/articles/s41591-025-03693-9;https://journals.asm.org/doi/10.1128/mbio.00941-25	literature_CRC_stool_or_tissue;reference_sources_separate	deep	237	50	retain_current_species_subspecies_and_BioSample_lineage;sequence_phylogeny_pending	941140:JCM:3158;ATCC:23726;ATCC:25586;KCOM:1276;KCOM:1323	查询包含子类群时全局去重复；宿主/口腔与肠道来源分开	public_taxon_direction_not_individual_disease;culture_stock_availability_unchecked
393480;693991;76857	Fusobacterium polymorphum	see_NCBI_current_labels	NCBI_Datasets_2026-10-08;final_ANI_pending	CRC_enriched_lineage_dependent	ecological_or_mechanistic_context_not_uniform_CRC_direction	CRC2025;FNTAX2025	https://www.nature.com/articles/s41591-025-03693-9;https://journals.asm.org/doi/10.1128/mbio.00941-25	literature_CRC_stool_or_tissue;reference_sources_separate	lineage_context	273	70	retain_current_species_subspecies_and_BioSample_lineage;sequence_phylogeny_pending	ATCC:10953;KCOM:1001;KCOM:1002;KCOM:1248;KCOM:1257;KCOM:1260;KCOM:1267;KCOM:1271;KCOM:1272;KCOM:1278;KCOM:1281;KCOM:1330;NCTC:10562	Fn复合群的谱系覆盖	public_taxon_direction_not_individual_disease;culture_stock_availability_unchecked
1196653;1307427;155615;209882;469602;469604;469606	Fusobacterium vincentii	see_NCBI_current_labels	NCBI_Datasets_2026-10-08;final_ANI_pending	CRC_enriched_lineage_dependent	ecological_or_mechanistic_context_not_uniform_CRC_direction	CRC2025;FNTAX2025	https://www.nature.com/articles/s41591-025-03693-9;https://journals.asm.org/doi/10.1128/mbio.00941-25	literature_CRC_stool_or_tissue;reference_sources_separate	lineage_context	70	34	retain_current_species_subspecies_and_BioSample_lineage;sequence_phylogeny_pending	ATCC:51190;NCTC:11326	Fn复合群的谱系覆盖	public_taxon_direction_not_individual_disease;culture_stock_availability_unchecked
2686067	Fusobacterium watanabei	see_NCBI_current_labels	NCBI_Datasets_2026-10-08;final_ANI_pending	unresolved_taxonomic_context	ecological_or_mechanistic_context_not_uniform_CRC_direction	FNTAX2025	https://journals.asm.org/doi/10.1128/mbio.00941-25	literature_CRC_stool_or_tissue;reference_sources_separate	taxonomy_context	36	18	retain_current_species_subspecies_and_BioSample_lineage;sequence_phylogeny_pending	CCUG	新分类参考；不外推疾病方向	public_taxon_direction_not_individual_disease;culture_stock_availability_unchecked
3453848	Fusobacterium paranimalis	see_NCBI_current_labels	NCBI_Datasets_2026-10-08;final_ANI_pending	unresolved_taxonomic_context	ecological_or_mechanistic_context_not_uniform_CRC_direction	FNTAX2025	https://journals.asm.org/doi/10.1128/mbio.00941-25	literature_CRC_stool_or_tissue;reference_sources_separate	taxonomy_context	1	1	retain_current_species_subspecies_and_BioSample_lineage;sequence_phylogeny_pending	not_verified	保留分类争议和类型株锚点	public_taxon_direction_not_individual_disease;culture_stock_availability_unchecked
469599;469621;546275;620833;860	Fusobacterium periodonticum	see_NCBI_current_labels	NCBI_Datasets_2026-10-08;final_ANI_pending	CRC_association_with_recent_mechanistic_support	literature_supported_taxon_or_subset;not_each_genome	FPER2026	https://www.nature.com/articles/s41467-026-74591-y	literature_CRC_stool_or_tissue;reference_sources_separate	focused	18	8	retain_current_species_subspecies_and_BioSample_lineage;sequence_phylogeny_pending	ATCC:33693	新增研究线索，不等同多队列普适结论	public_taxon_direction_not_individual_disease;culture_stock_availability_unchecked
1408286;33033;411465	Parvimonas micra	see_NCBI_current_labels	NCBI_Datasets_2026-10-08;final_ANI_pending	CRC_enriched	literature_supported_taxon_or_subset;not_each_genome	CRC2025;QMP2024	https://www.nature.com/articles/s41591-025-03693-9;https://www.nature.com/articles/s41591-024-02963-2	literature_CRC_stool_or_tissue;reference_sources_separate	deep	75	33	retain_current_species_subspecies_and_BioSample_lineage;sequence_phylogeny_pending	FDA:FDAARGOS_569;KCOM:1037;NCTC:11808	多来源种内prophage覆盖；CRC来源不是参考纳入硬条件	public_taxon_direction_not_individual_disease;culture_stock_availability_unchecked
1035196;1261;596329	Peptostreptococcus anaerobius	see_NCBI_current_labels	NCBI_Datasets_2026-10-08;final_ANI_pending	CRC_enriched	literature_supported_taxon_or_subset;not_each_genome	QMP2024;CRC2019	https://www.nature.com/articles/s41591-024-02963-2;https://www.nature.com/articles/s41591-019-0405-7	literature_CRC_stool_or_tissue;reference_sources_separate	deep	74	30	retain_current_species_subspecies_and_BioSample_lineage;sequence_phylogeny_pending	ATCC:27337;DSM:2949	重复关联和机制关注宿主	public_taxon_direction_not_individual_disease;culture_stock_availability_unchecked
341694;596315	Peptostreptococcus stomatis	see_NCBI_current_labels	NCBI_Datasets_2026-10-08;final_ANI_pending	CRC_enriched	literature_supported_taxon_or_subset;not_each_genome	CRC2025;CRC2019	https://www.nature.com/articles/s41591-025-03693-9;https://www.nature.com/articles/s41591-019-0405-7	literature_CRC_stool_or_tissue;reference_sources_separate	deep	4	2	retain_current_species_subspecies_and_BioSample_lineage;sequence_phylogeny_pending	DSM:17678	不与P. anaerobius合并；公开培养genome可能较少	public_taxon_direction_not_individual_disease;culture_stock_availability_unchecked
1073386;1073387;1073388;1235816;1339269;1339270;1339271;1339272;1339273;1339274;1339275;1339276;1339277;1339278;1339279;1339280;1339281;1339282;1339283;1339284;1339285;1339286;1339287;1339288;1339289;1339290;1339291;1339292;1339293;1339294;1339295;1339296;1339297;1339298;1339299;1339300;1339301;1339302;1339303;1339304;1339305;1339306;1339307;1339308;1339309;1339310;1339311;1339312;1339313;1339314;1339315;1339316;1339317;1339318;1339319;1339320;1339321;1339322;1339323;1339324;1339325;1339326;1339327;1339328;1339329;1339330;1339331;1339332;1339335;1339336;1339337;1339338;1339339;1339340;272559;295405;457424;817;862962;997878;997879;997880;997881;997882;997883	Bacteroides fragilis	see_NCBI_current_labels	NCBI_Datasets_2026-10-08;final_ANI_pending	strain_dependent_mixed	literature_supported_taxon_or_subset;not_each_genome	BF2026;CRC2025	https://www.nature.com/articles/s43856-026-01403-1;https://www.nature.com/articles/s41591-025-03693-9	literature_CRC_stool_or_tissue;reference_sources_separate	deep	2966	200	retain_current_species_subspecies_and_BioSample_lineage;sequence_phylogeny_pending	ATCC:25285;ATCC:25285D-5;CCUG:4856T;DSM:1396;DSM:2151;DSM:9669;DSM:9671;FDA:FDAARGOS_1225;JCM:11017;NCTC:9343	ETBF/NTBF依基因证据；不把整个物种等同致病	public_taxon_direction_not_individual_disease;culture_stock_availability_unchecked
2763023	Bacteroides hominis	historical B. fragilis division II; verify sequence crosswalk	NCBI_Datasets_2026-10-08;final_ANI_pending	unresolved_taxonomic_context	ecological_or_mechanistic_context_not_uniform_CRC_direction	BF2026	https://www.nature.com/articles/s43856-026-01403-1	literature_CRC_stool_or_tissue;reference_sources_separate	lineage_context	299	80	retain_current_species_subspecies_and_BioSample_lineage;sequence_phylogeny_pending	not_verified	历史division II单列；当前taxonomy与旧标签核查	public_taxon_direction_not_individual_disease;culture_stock_availability_unchecked
29391;562982	Gemella morbillorum	see_NCBI_current_labels	NCBI_Datasets_2026-10-08;final_ANI_pending	CRC_enriched	literature_supported_taxon_or_subset;not_each_genome	CRC2025;CRC2019	https://www.nature.com/articles/s41591-025-03693-9;https://www.nature.com/articles/s41591-019-0405-7	literature_CRC_stool_or_tissue;reference_sources_separate	focused	28	14	retain_current_species_subspecies_and_BioSample_lineage;sequence_phylogeny_pending	ATCC:27824;DSM:20572;FDA:FDAARGOS_741;NCTC:11323	口腔/肠道/临床体位分开	public_taxon_direction_not_individual_disease;culture_stock_availability_unchecked
102148;1123263;706433	Solobacterium moorei	see_NCBI_current_labels	NCBI_Datasets_2026-10-08;final_ANI_pending	CRC_enriched	literature_supported_taxon_or_subset;not_each_genome	CRC2019;CRC2025	https://www.nature.com/articles/s41591-019-0405-7;https://www.nature.com/articles/s41591-025-03693-9	literature_CRC_stool_or_tissue;reference_sources_separate	focused	16	8	retain_current_species_subspecies_and_BioSample_lineage;sequence_phylogeny_pending	DSM:22971	补足反复出现的口腔相关CRC宿主	public_taxon_direction_not_individual_disease;culture_stock_availability_unchecked
28123;879243;910312	Porphyromonas asaccharolytica	see_NCBI_current_labels	NCBI_Datasets_2026-10-08;final_ANI_pending	CRC_enriched	literature_supported_taxon_or_subset;not_each_genome	QMP2024;CRC2019	https://www.nature.com/articles/s41591-024-02963-2;https://www.nature.com/articles/s41591-019-0405-7	literature_CRC_stool_or_tissue;reference_sources_separate	focused	6	3	retain_current_species_subspecies_and_BioSample_lineage;sequence_phylogeny_pending	not_verified	定量混杂调整后仍有支持	public_taxon_direction_not_individual_disease;culture_stock_availability_unchecked
1122975;322095	Porphyromonas somerae	see_NCBI_current_labels	NCBI_Datasets_2026-10-08;final_ANI_pending	CRC_association_context_dependent	literature_supported_taxon_or_subset;not_each_genome	CRC2019;CRC2025	https://www.nature.com/articles/s41591-019-0405-7;https://www.nature.com/articles/s41591-025-03693-9	literature_CRC_stool_or_tissue;reference_sources_separate	focused	14	7	retain_current_species_subspecies_and_BioSample_lineage;sequence_phylogeny_pending	DSM:23386	不将属级方向直接推广所有种	public_taxon_direction_not_individual_disease;culture_stock_availability_unchecked
1122984;1347790;246198;28131	Prevotella intermedia	see_NCBI_current_labels	NCBI_Datasets_2026-10-08;final_ANI_pending	CRC_enriched	literature_supported_taxon_or_subset;not_each_genome	QMP2024;CRC2019	https://www.nature.com/articles/s41591-024-02963-2;https://www.nature.com/articles/s41591-019-0405-7	literature_CRC_stool_or_tissue;reference_sources_separate	focused	78	17	retain_current_species_subspecies_and_BioSample_lineage;sequence_phylogeny_pending	ATCC: 25611;ATCC:25611;DSM:20706;KCOM:1741;KCOM:2836;KCOM:2838;NCTC:13070	口腔来源可作参考，不能当健康人对照	public_taxon_direction_not_individual_disease;culture_stock_availability_unchecked
33037;655811	Anaerococcus vaginalis	see_NCBI_current_labels	NCBI_Datasets_2026-10-08;final_ANI_pending	CRC_enriched	literature_supported_taxon_or_subset;not_each_genome	QMP2024	https://www.nature.com/articles/s41591-024-02963-2	literature_CRC_stool_or_tissue;reference_sources_separate	focused	18	7	retain_current_species_subspecies_and_BioSample_lineage;sequence_phylogeny_pending	ATCC:51170;DSM:7457	补足混杂调整后支持的宿主	public_taxon_direction_not_individual_disease;culture_stock_availability_unchecked
39950	Dialister pneumosintes	see_NCBI_current_labels	NCBI_Datasets_2026-10-08;final_ANI_pending	CRC_enriched	literature_supported_taxon_or_subset;not_each_genome	QMP2024;CRC2025	https://www.nature.com/articles/s41591-024-02963-2;https://www.nature.com/articles/s41591-025-03693-9	literature_CRC_stool_or_tissue;reference_sources_separate	focused	8	4	retain_current_species_subspecies_and_BioSample_lineage;sequence_phylogeny_pending	KCOM:1685	补足混杂调整后支持的宿主	public_taxon_direction_not_individual_disease;culture_stock_availability_unchecked
1232440;1232451;154046;566550;742737;999412	Hungatella hathewayi	Clostridium hathewayi	NCBI_Datasets_2026-10-08;final_ANI_pending	CRC_enriched	literature_supported_taxon_or_subset;not_each_genome	CRC2025;VIROME2023	https://www.nature.com/articles/s41591-025-03693-9;https://pmc.ncbi.nlm.nih.gov/articles/PMC10334131/	literature_CRC_stool_or_tissue;reference_sources_separate	focused	81	30	retain_current_species_subspecies_and_BioSample_lineage;sequence_phylogeny_pending	DSM:13479	种内与旧Clostridium标签交叉核查	public_taxon_direction_not_individual_disease;culture_stock_availability_unchecked
1512;411472;742740;742741	Clostridium symbiosum	[Clostridium] symbiosum	NCBI_Datasets_2026-10-08;final_ANI_pending	CRC_association_context_dependent	literature_supported_taxon_or_subset;not_each_genome	CRC2019;CRC2025	https://www.nature.com/articles/s41591-019-0405-7;https://www.nature.com/articles/s41591-025-03693-9	literature_CRC_stool_or_tissue;reference_sources_separate	focused	176	29	retain_current_species_subspecies_and_BioSample_lineage;sequence_phylogeny_pending	NCTC:13233	数据库新旧分类分别保留	public_taxon_direction_not_individual_disease;culture_stock_availability_unchecked
1258574;315405;53354;545774;637909;981539;990317	Streptococcus gallolyticus	see_NCBI_current_labels	NCBI_Datasets_2026-10-08;final_ANI_pending	CRC_relevant_clinical_association	literature_supported_taxon_or_subset;not_each_genome	CRC2019	https://www.nature.com/articles/s41591-019-0405-7	literature_CRC_stool_or_tissue;reference_sources_separate	focused	134	37	retain_current_species_subspecies_and_BioSample_lineage;sequence_phylogeny_pending	FDA:FDAARGOS_755;NCC<FRA>:31106099;NCC<FRA>:31301958;NCC<FRA>:31307655	临床宿主资源；血培养不等同粪便病例对照	public_taxon_direction_not_individual_disease;culture_stock_availability_unchecked
1851427;1851428;1965550;1965551;1965581;1965648;1965655;2292234;2292356;2292357;2293109;2302955;2302956;2302957;2315463;2580425;2584645;2584646;2584647;2584648;2758403;2817017;2817018;2817019;2817020;2817021;2881265;2881268;2881271;2903556;2929488;2929489;2929490;2929491;2929492;2929493;2929494;2929495;2935520;3030638;3031725;3070047;3070048;3070049;3070050;3133155;3133156;3133157;3141184;3141185;3141188;3402017;3402018;3402107;3435293;3567997;3695676;3696645;411483;411485;657322;718252;748224;853	Faecalibacterium	see_NCBI_current_labels	NCBI_Datasets_2026-10-08;final_ANI_pending	control_associated_subset_direction_not_genus_wide	literature_supported_taxon_or_subset;not_each_genome	VIROME2023;CRC2019;HIBC2025	https://pmc.ncbi.nlm.nih.gov/articles/PMC10334131/;https://www.nature.com/articles/s41591-019-0405-7;https://www.nature.com/articles/s41467-025-59229-9	literature_CRC_stool_or_tissue;reference_sources_separate	deep_depleted_background	544	123	retain_current_species_subspecies_and_BioSample_lineage;sequence_phylogeny_pending	ATCC:27766;ATCC:27768;DSM:107840;DSMZ:17677;JCM:17207;JCM:31915	属级检索覆盖F. prausnitzii复合群的新种；逐种解释	public_taxon_direction_not_individual_disease;culture_stock_availability_unchecked
1261634;1261635;166486;2292065;2292066;2292366;2292367;2292368;2293126;2293127;2293128;2293129;2293130;2293131;2293132;2293133;2293134;2293135;2293136;2293137;2293138;2293139;2293140;2293141;2293142;2293143;2293144;2305905;2320088;2605790;2763060;2763061;2763062;2763063;2763064;2841514;2881261;2981794;301301;301302;360807;536231;585394;622312;657315;718255	Roseburia	see_NCBI_current_labels	NCBI_Datasets_2026-10-08;final_ANI_pending	control_associated_subset_direction_not_genus_wide	literature_supported_taxon_or_subset;not_each_genome	VIROME2023;CRC2019	https://pmc.ncbi.nlm.nih.gov/articles/PMC10334131/;https://www.nature.com/articles/s41591-019-0405-7	literature_CRC_stool_or_tissue;reference_sources_separate	deep_depleted_background	253	28	retain_current_species_subspecies_and_BioSample_lineage;sequence_phylogeny_pending	DSM:16839;DSM:16841;JCM:17581	属级检索补种内/种间覆盖，不宣称全属保护	public_taxon_direction_not_individual_disease;culture_stock_availability_unchecked
39491;515619;657317;657318	Agathobacter rectalis	[Eubacterium] rectale	NCBI_Datasets_2026-10-08;final_ANI_pending	control_associated	literature_supported_taxon_or_subset;not_each_genome	VIROME2023	https://pmc.ncbi.nlm.nih.gov/articles/PMC10334131/	literature_CRC_stool_or_tissue;reference_sources_separate	depleted_background	285	126	retain_current_species_subspecies_and_BioSample_lineage;sequence_phylogeny_pending	ATCC:33656	旧Eubacterium rectale名称对应；耗竭不等同保护	public_taxon_direction_not_individual_disease;culture_stock_availability_unchecked
649756;649757	Anaerostipes hadrus	see_NCBI_current_labels	NCBI_Datasets_2026-10-08;final_ANI_pending	context_dependent	ecological_or_mechanistic_context_not_uniform_CRC_direction	CRC2025	https://www.nature.com/articles/s41591-025-03693-9	literature_CRC_stool_or_tissue;reference_sources_separate	ecological_context	201	91	retain_current_species_subspecies_and_BioSample_lineage;sequence_phylogeny_pending	ATCC:29173;JCM:17467	肠道功能/谱系背景；不预设CRC方向	public_taxon_direction_not_individual_disease;culture_stock_availability_unchecked
410072;470146	Coprococcus comes	Allocoprococcus comes current label	NCBI_Datasets_2026-10-08;final_ANI_pending	direction_not_prespecified	ecological_or_mechanistic_context_not_uniform_CRC_direction	GPD2021	https://pmc.ncbi.nlm.nih.gov/articles/PMC7895897/	literature_CRC_stool_or_tissue;reference_sources_separate	ecological_context	163	60	retain_current_species_subspecies_and_BioSample_lineage;sequence_phylogeny_pending	ATCC:27758;FDA:FDAARGOS_1339	常见肠道发酵生态背景，未据此宣称CRC耗竭	public_taxon_direction_not_individual_disease;culture_stock_availability_unchecked
1035817;1161743;1161744;1161745;1161904;1205679;1266716;1280702;1298922;1300227;1322347;1350471;1350472;1350473;1437597;1457183;1457184;1457185;1457186;1679;1682;1695;1931217;205913;206672;216816;3436925;391904;537937;548480;565040;565042;722911;759350;890402	Bifidobacterium longum	see_NCBI_current_labels	NCBI_Datasets_2026-10-08;final_ANI_pending	control_association_context_dependent	ecological_or_mechanistic_context_not_uniform_CRC_direction	CRC2019	https://www.nature.com/articles/s41591-019-0405-7	literature_CRC_stool_or_tissue;reference_sources_separate	ecological_context	2876	100	retain_current_species_subspecies_and_BioSample_lineage;sequence_phylogeny_pending	ATCC:15697;DSM:20088;DSM:20211;JCM:1272;KCTC:3128;NCTC:11817;NCTC:11818	种/亚种和年龄来源需区分，不预设保护	public_taxon_direction_not_individual_disease;culture_stock_availability_unchecked
1410644;1437612;1680;367928;411481	Bifidobacterium adolescentis	see_NCBI_current_labels	NCBI_Datasets_2026-10-08;final_ANI_pending	direction_not_prespecified	ecological_or_mechanistic_context_not_uniform_CRC_direction	GPD2021	https://pmc.ncbi.nlm.nih.gov/articles/PMC7895897/	literature_CRC_stool_or_tissue;reference_sources_separate	ecological_context	1621	80	retain_current_species_subspecies_and_BioSample_lineage;sequence_phylogeny_pending	DSM:20083;DSM:20086;DSM:20087;DSM:24849;NCTC:11814;VKPM:Ac-1245	补充非CRC富集的肠道宿主背景	public_taxon_direction_not_individual_disease;culture_stock_availability_unchecked
239935;349741	Akkermansia muciniphila	see_NCBI_current_labels	NCBI_Datasets_2026-10-08;final_ANI_pending	context_dependent	ecological_or_mechanistic_context_not_uniform_CRC_direction	AKK2021;CRC2025	https://www.nature.com/articles/s41598-021-82465-0;https://www.nature.com/articles/s41591-025-03693-9	literature_CRC_stool_or_tissue;reference_sources_separate	ecological_context	525	100	retain_current_species_subspecies_and_BioSample_lineage;sequence_phylogeny_pending	DSM:22959;JCM:30893;NBRC:115032	CRC中可富集，不能自动列为保护菌	public_taxon_direction_not_individual_disease;culture_stock_availability_unchecked
1235787;1339348;1339349;411479;820;997889;997890	Bacteroides uniformis	see_NCBI_current_labels	NCBI_Datasets_2026-10-08;final_ANI_pending	direction_not_prespecified	ecological_or_mechanistic_context_not_uniform_CRC_direction	GPD2021	https://pmc.ncbi.nlm.nih.gov/articles/PMC7895897/	literature_CRC_stool_or_tissue;reference_sources_separate	ecological_context	1216	80	retain_current_species_subspecies_and_BioSample_lineage;sequence_phylogeny_pending	ATCC:8492;DSM:6597;NBRC:113350	常见肠道Bacteroides背景，避免只看B. fragilis	public_taxon_direction_not_individual_disease;culture_stock_availability_unchecked
1235785;226186;818	Bacteroides thetaiotaomicron	see_NCBI_current_labels	NCBI_Datasets_2026-10-08;final_ANI_pending	direction_not_prespecified	ecological_or_mechanistic_context_not_uniform_CRC_direction	GPD2021	https://pmc.ncbi.nlm.nih.gov/articles/PMC7895897/	literature_CRC_stool_or_tissue;reference_sources_separate	ecological_context	1360	80	retain_current_species_subspecies_and_BioSample_lineage;sequence_phylogeny_pending	ATCC:29148;DSM:2079;DSM:2255;FDA:FDAARGOS_1226;NCTC:10582;NCTC:13706	可实验宿主及功能背景，不预设疾病方向	public_taxon_direction_not_individual_disease;culture_stock_availability_unchecked
1235786;1339350;1339351;1339352;435590;702446;821;997891	Phocaeicola vulgatus	Bacteroides vulgatus	NCBI_Datasets_2026-10-08;final_ANI_pending	context_dependent	ecological_or_mechanistic_context_not_uniform_CRC_direction	CRC2019	https://www.nature.com/articles/s41591-019-0405-7	literature_CRC_stool_or_tissue;reference_sources_separate	ecological_context	1799	80	retain_current_species_subspecies_and_BioSample_lineage;sequence_phylogeny_pending	ATCC:8482;ATCC:8492;DSM:1447;DSM:28735;NCTC:10583	旧Bacteroides vulgatus；高丰度近缘背景	public_taxon_direction_not_individual_disease;culture_stock_availability_unchecked
357276;483217;556260;997875;997876;997877	Phocaeicola dorei	Bacteroides dorei	NCBI_Datasets_2026-10-08;final_ANI_pending	context_dependent	ecological_or_mechanistic_context_not_uniform_CRC_direction	CRC2019	https://www.nature.com/articles/s41591-019-0405-7	literature_CRC_stool_or_tissue;reference_sources_separate	ecological_context	501	60	retain_current_species_subspecies_and_BioSample_lineage;sequence_phylogeny_pending	DSM:17855;FDA:FDAARGOS_1224	旧Bacteroides dorei；与vulgatus分开	public_taxon_direction_not_individual_disease;culture_stock_availability_unchecked
1001989;1005487;1005492;1038927;1045010;1048254;1048689;1050617;1051349;1055533;1055534;1055536;1055537;1055538;1055540;1055541;1055542;1055543;1055544;1055545;1072459;1078021;1078032;1078034;1133852;1133853;1134782;1163390;1200752;1245474;1248823;1248902;1248903;1248915;1274814;1311757;1314835;1322345;1328859;1329907;1330457;1335303;1335916;1343836;1355100;1355101;1358422;1382700;1392854;1401688;1403831;1435461;1441627;1446600;1446608;1446701;1446707;1446739;1446746;1502658;155864;168807;168927;1954351;199310;2027293;2027295;2048775;2048776;2048778;2048780;2048781;2067421;2072463;2079157;2126982;216592;244319;244320;2491679;2491692;2491878;2592065;2603836;2605619;2605620;2697517;2763104;2773704;2773705;2773706;2773707;2778652;2778653;2778654;2778656;2778657;2802033;2810404;2810405;2810406;2810407;2810408;2810409;2822132;2848144;2848145;2854732;2861805;2861806;2874051;2874052;2874053;2969654;2990469;2990470;2990471;3038394;3041057;3050626;3050627;3050628;3050629;3050630;3065859;316385;316401;316407;316435;331111;331112;3385495;340186;362663;364106;373045;376725;37762;386585;397453;405955;409438;413997;431946;439855;444450;469008;481805;498388;511145;511693;536056;544404;562;566546;569579;573235;574521;577675;585034;585035;585055;585057;585395;585396;591946;595495;595496;634468;655817;660582;679895;685038;696406;701177;714962;741093;745156;753642;758831;83333;83334;866768;866789;869729;885275;885276;913087;913088;930406;941280;941322;941323;991910;991915;991919;996639	Escherichia coli	see_NCBI_current_labels	NCBI_Datasets_2026-10-08;final_ANI_pending	strain_gene_dependent	ecological_or_mechanistic_context_not_uniform_CRC_direction	CRC2025;PGENOTOX2022	https://www.nature.com/articles/s41591-025-03693-9;https://www.nature.com/articles/s41586-022-04444-3	literature_CRC_stool_or_tissue;reference_sources_separate	mechanistic_context	5459	150	retain_current_species_subspecies_and_BioSample_lineage;sequence_phylogeny_pending	102.100.100.25765;102.100.100.25766;ATCC:31608;ATCC:47011;JCM:20135;JCM:5491;NCTC:10973;NCTC:11023;NCTC:86;NCTC:8623;NCTC:9112;RIMD:0509939	仅RefSeq完整组装盘点作为有界结构背景；不是E. coli全物种穷尽检索	public_taxon_direction_not_individual_disease;culture_stock_availability_unchecked
1121128;1203606;501571	Butyricicoccus pullicaecorum	see_NCBI_current_labels	NCBI_Datasets_2026-10-08;final_ANI_pending	potential_protective_preclinical_only	ecological_or_mechanistic_context_not_uniform_CRC_direction	BUTYRICICOCCUS2020	https://pmc.ncbi.nlm.nih.gov/articles/PMC7577080/	literature_CRC_stool_or_tissue;reference_sources_separate	experimental_context	11	2	retain_current_species_subspecies_and_BioSample_lineage;sequence_phylogeny_pending	not_verified	动物实验依据；非人类型株只作实验/分类背景，单列不伪装患者宿主	public_taxon_direction_not_individual_disease;culture_stock_availability_unchecked
