prophage	host	active	CohenD	prophage-host_ratio	mean_difference	prophage_len	prophage_mean_cov	prophage_median_cov	prophage_sd_cov	prophage_cov_breadth	host_len	host_mean_cov	host_median_cov	host_sd_cov
occ_2cfc76150325b2caa700a01b3329d222	SID530295_assembly__4ea7e0a0af14ae058d35__08ee84db	dormant	0.04253620380648934	1.0372169972845156	0.8846485748006145	48431	24.654663335466953	21.0	21.088098999116948	1.0	42681	23.77001476066634	20.0	20.502872051268643
occ_ff9d1824a9df94f8f06dd1ad2755d24b	SID530295_assembly__b95c141dc6cec693cf53__29c75664	dormant	0.2707764553114523	1.0614101542879337	2.2271657416396238	57322	38.494225602735426	38.0	7.42456638321431	1.0	36284	36.2670598610958	36.0	8.95436406541239
occ_0946296aa1b8d0af8cc207dcbec0fce8	SID530295_assembly__4c56939c8992322ff62d__fd279e11	dormant	0.4779879717772004	1.1139417659968573	2.114637870078557	24566	20.673573231295286	20.0	4.833098891714015	1.0	2893	18.55893536121673	19.0	3.9730861545835006
occ_57fcf677dc3dabe2736ea7f980497869	SID530295_assembly__082a32dad0699fbea9ed__8adf8632	dormant	0.5244598753216181	1.1231321401020644	4.05548796408317	36842	36.99155129183473	37.0	7.686418946278897	0.9959285597958851	26276	32.93606332775156	33.0	7.77869465371297
occ_93b2f1d117cfad2b8d004eeff87fd7cc	SID530295_assembly__46e105211554d633b522__0d528730	dormant	0.05136900525942975	1.0158937188016228	0.3190939785650535	14075	20.395828854009892	20.0	6.23019811402887	0.9913321492007104	17984	20.07673487544484	20.0	6.193346907980555
occ_4ee4172cec541bc229a41832ee0696d3	SID530295_assembly__c44db9dd57a6ccc24553__2f3f77c7	dormant	0.08277083912276818	0.9839015946810502	-1.444911628852907	13453	88.31004236973166	87.0	17.95274033533311	1.0	11304	89.75495399858457	90.0	16.94629339255768
occ_64054f704dd60868c8e09b8c27c3449e	SID530295_assembly__7524dc4c703f7b5e006f__a0e1a4dd	dormant	0.034497246563802215	0.9888879065828992	-0.1292695076319763	38027	11.50395771425566	11.0	3.785669687676831	1.0	23246	11.633227221887637	11.0	3.7084147536525247
occ_48ac614f8cded1d194d8e6ee5c9929c8	SID530295_assembly__5b01da339a9aaa53ecfe__ec416fe9	dormant	0.2297854192174861	0.959828553137503	-2.966924740393864	47704	70.8896318966963	71.0	11.356657480303905	1.0	692329	73.85655663709016	73.0	14.29864681749778
occ_600af9640a44525312e8ca62969157a8	SID530295_assembly__c003fbf7b00f43e5b9e9__61dfbe92	dormant	1.5496767186987292	0.5517825276221593	-8.170924811090432	35210	10.058897350332279	9.0	4.352502649326344	0.9956546435671684	9503	18.22982216142271	18.0	6.054559789436806
occ_e912215a9e44c38c0e1acdbccf7c997c	SID530295_assembly__0a00cccf093f16b13426__1ef4807e	dormant	0.6293974897645898	0.816321547769747	-2.222897325054154	21054	9.879215351002184	10.0	3.6377338369238674	1.0	7952	12.102112676056338	12.0	3.4225603103302116
occ_b049b148b9c2c1b95850ddf4c8f76529	SID530295_assembly__911203863734ffbab28a__8522b668	dormant	1.1287490057735237	1.45836174485365	4.897322530380167	36060	15.581727556248607	15.0	4.790853350962532	0.9958957293399889	8118	10.68440502586844	11.0	3.833621662029565
occ_da3bf5db6bb9337cfb92a2723a1597d9	SID530295_assembly__911203863734ffbab28a__8522b668	dormant	0.7331118255282837	1.2883639787163959	3.0809975434768795	26070	13.76540256934532	14.0	4.541754949389201	0.9942846183352513	8118	10.68440502586844	11.0	3.833621662029565
occ_e728639c3534880f28725e5c54e201c9	SID530295_assembly__31cca732d5bfff067485__1743cb0f	dormant	0.4032848795069261	0.8585962046107865	-1.1124007000859475	12734	6.754436940474321	7.0	2.4748003445044766	1.0	5069	7.866837640560268	7.0	3.0153521634846903
occ_c65368daa9f60b7f82f52c76e167e95b	SID530295_assembly__767a261139cea4428ad5__544c0de5	dormant	0.19035015931999824	1.0542436135360762	1.0244318164788986	36199	19.910190889251083	20.0	5.0929562689640475	1.0	21052	18.885759072772185	19.0	5.65596513429172
occ_617161062cd8115a18cb805177c76cad	SID530295_assembly__4f0ae5f213b369628bb2__0a81c293	dormant	0.42957380755080665	0.8701133588337092	-1.8999233657235859	20174	12.72762684778266	13.0	3.9830749400702192	0.9925646872211757	6323	14.627550213506247	14.0	4.822614644790459
occ_b7195e94f587256276ba0229c640b94b	SID530295_assembly__f33097160de81acce3bf__eda1e446	dormant	0.6521450310095044	1.1189047495374633	7.924671636344257	23179	74.57189697571077	74.0	12.709270595525085	1.0	138125	66.64722533936651	67.0	11.567287107799924
occ_8519e7a7994845b5a7c5c3744c3aff00	SID530295_assembly__815575f8340d32ea6d7e__1b0e3650	dormant	0.17905014716884934	0.9614090650132742	-1.6396117431464958	20826	40.84735426870258	41.0	9.2814019587144	1.0	32070	42.48696601184908	42.0	9.03144569165716
occ_e6cf44128c9e65ef536ddff3b2feb806	SID530295_assembly__8f38a091c43c495c346e__40fe9e63	dormant	0.1211918768786902	0.9616567382370559	-0.4344601793815315	21254	10.896348922555754	11.0	3.4866065145248513	1.0	27203	11.330809101937286	11.0	3.6805600662987983
occ_90d74a00913e345c714f22cab1fc8f82	SID530295_assembly__970b5e7a9cb659a87186__7edd9021	dormant	0.42616351992193546	0.8381181609538162	-2.6871198674383994	8685	13.912147124282535	13.0	6.295950776068472	0.9829591249280368	30559	16.599266991720935	16.0	6.314780768406649
occ_e61965d6914e5065e76cd89d820bbbfe	SID530295_assembly__31ece77fa7e1cab17c7f__1de69dcd	dormant	0.4859087488553757	1.1323435708726417	9.215131222007201	25171	78.84549680187517	78.0	14.491308396149655	1.0	59686	69.63036557986797	64.0	22.568216955198896
occ_353f58e49889173794f7043570572d3a	SID530295_assembly__a0710c3122f262bc1072__fb1f7ea6	dormant	0.18650989626363343	0.946954985240513	-0.9806045978153719	11027	17.50566790604879	17.0	5.184388216419527	1.0	89929	18.48627250386416	18.0	5.329913768367517
occ_08930f23c71bc6284f580eaebc45a946	SID530295_assembly__b8cc398b7838d7bb28b9__f40a8a97	dormant	0.08572439753883755	1.019635101423876	0.7005935795612075	37957	36.381263846397296	36.0	7.83130377095293	0.9989198303343256	25184	35.68067026683609	36.0	8.50025681250689
occ_01aa3fbf59b8b2706941f75f6263ebeb	SID530295_assembly__1926827c38680aaa815d__eed65451	dormant	0.3554839570825489	1.075224500956349	3.7222282973216707	14699	53.20382338934621	53.0	10.053457174777064	1.0	8150	49.48159509202454	49.0	10.87227993915321
occ_8c8739a0f8a76faac62fe8e62112baef	SID530295_assembly__fbc6a6606a2a9e68da18__962758f4	dormant	0.43771904857147675	1.0793712255204642	5.44358223224684	18061	74.02740712031449	73.0	12.777593567420986	1.0	126639	68.58382488806765	68.0	12.085263118908014
occ_e41c7e5499c9ce2e858f275fc41f473e	SID530295_assembly__7ec75bbb7b52d6429ca0__ba4ed9f1	dormant	0.09373163391311921	0.9653447324742854	-0.2711384931883707	10313	7.552736852375841	7.0	2.8583453489043653	0.9937942402792592	19895	7.823875345564212	8.0	2.9266724056914346
occ_004e8c4104edd02ebf5459a82ecb48e6	SID530295_assembly__6b55280298192b2573a5__e4a8a3e1	dormant	0.3004330929953797	0.9387335981892138	-2.173542002313873	39132	33.30335786568537	33.0	7.006567790306296	1.0	10606	35.476899867999244	36.0	7.455846778532703
occ_1654e57758f6a92b95d565c2c0b6adf0	SID530295_assembly__d976a5d1228e3f22ec3c__9976c640	dormant	1.8164854390568854	0.44717101225256345	-15.190010916206223	11990	12.286860327647357	11.0	5.768053287914582	0.9876563803169308	65892	27.47687124385358	28.0	10.324047417296647
occ_956bc27d8ba0c897e11952c7938e73d9	SID530295_assembly__06341460b7ad6bf91e5b__b3d17682	dormant	0.14628974302127762	0.957887507675426	-0.9205177901167936	6199	20.93802677243431	20.0	5.8666636624620105	0.976125181480884	11007	21.858544562551103	22.0	6.691156666153964
occ_6c62dcce7688a972be23673952f0114b	SID530295_assembly__075e78dc5abc32e37732__91fa1634	dormant	0.07663140598633715	0.9728994534573058	-0.3279522530226533	28577	11.773362844294548	11.0	4.075114032054284	0.9960457710746404	9505	12.101315097317201	12.0	4.474763340128942
occ_d48c130cb96ce99f7e582c7ac06fb754	SID530295_assembly__fc56b9c3ebd803f57332__53287687	dormant	0.05861660807514676	1.0157343705720971	0.5070180634735664	17555	32.73061805753347	33.0	8.540242975932072	1.0	67339	32.2235999940599	32.0	8.757856123549491
occ_7fdd5ca196f9761ded1ae5de0b852a02	SID530295_assembly__343f30f1b2584611fe32__50448556	dormant	0.005085927475324359	0.9990573019422331	-0.048438884828243545	11320	51.33480565371025	51.0	9.135556900041266	1.0	42983	51.38324453853849	51.0	9.89740288772448
occ_f928cf37c7f04c2ca823b2fa1ab48dc4	SID530295_assembly__7114b64b3cfb024de3d6__8884b666	dormant	0.0013854262816807832	0.9995293045559152	-0.005759708760360027	23870	12.230833682446585	12.0	4.168538307571254	1.0	28568	12.236593391206945	12.0	4.1461413558859395
occ_50f240604a2a2f4a7398996eaefcb6d1	SID530295_assembly__eb0fb13280546102a72f__0048a9b0	dormant	0.03553225485989851	1.0096585442176502	0.16986647469513372	12829	17.757038088478826	18.0	4.360503656899692	0.9884636370722581	5862	17.587171613783692	18.0	5.166701697617704
occ_02a345de9ed6984d8c5b08074ce29df2	SID530295_assembly__b9d02d42b61283d11d00__e22f00ec	dormant	0.20104973586485728	0.8526061417559195	-3.959711773440077	11183	22.905123848698917	23.0	5.58283556748481	1.0	24030	26.864835622138994	24.0	27.287956751857816
occ_959d1ba873d2eab7ec04aa70e59ec65b	SID530295_assembly__444ef58fb8db190532f7__31e9d7ae	dormant	0.21551531971979965	0.9392691803151916	-1.901473410694777	7303	29.4083857442348	29.0	8.874343682824499	0.9797343557442147	23430	31.309859154929576	31.0	8.771185370853027
occ_025a94ab0cdde902a9b722701cb575fe	SID530295_assembly__5ba96e45f70edfefc07b__5bc2c744	dormant	0.28115444791430194	0.9255475055261229	-1.2186359371928361	33014	15.149330587023687	15.0	4.088697488183011	1.0	56160	16.367966524216524	16.0	4.566903285904998
occ_f402185d3fbc5a740f58a11015149a8f	SID530295_assembly__b6cafab355307eb6e38d__8e9f746e	dormant	0.10806376433716372	0.985118513352819	-2.010422386599572	40167	133.0851116997351	133.0	19.13234647741855	0.9962904872158738	84462	135.09553408633468	135.0	18.06028194399008
occ_9e6e6f142ff858a2aa43e69e1bef1912	SID530295_assembly__d3249fd4e3baa9942b85__b8a8c7ce	dormant	0.10116733241788958	0.969866489121886	-0.5545565708092894	16936	17.84876101977603	17.0	5.56484829868677	0.9912612187057156	51664	18.40331759058532	18.0	5.397022020473386
occ_6514a9d991d88094459c10511b455089	SID530295_assembly__fa0b1f6c47b6a6c2d43a__18daabd7	dormant	0.23431044788061883	0.9533286283721676	-2.1116312536963946	43270	43.13304830136353	43.0	8.76259968533367	1.0	106711	45.244679555059925	45.0	9.254893704446598
occ_72b056c25ce9a0a7bd22f834c5f614e2	SID530295_assembly__2a7fa7704e3a6ea03bf9__3450a37f	dormant	0.5243868462527627	1.1039799203655962	5.68540165298996	18732	60.3632820841341	60.0	12.128108406861527	1.0	29874	54.67788043114414	55.0	9.38119770080369
occ_a8cc8f79a1e87bf016aa0e279539d60e	SID530295_assembly__86ebf2a47017fcf0ec80__fbd1cbfc	dormant	0.23125400976845825	0.9647619283122907	-4.756450319989341	11671	130.2239868089907	130.0	19.926330714308747	0.9873189958015595	22236	134.98043712898004	136.0	21.190397392049523
occ_e150bb5eb0fe48c2c2ffd1a9bdd0b109	SID530295_assembly__9becd735fd2b73444a12__f6d830d2	dormant	0.04795484307018692	1.018573917900292	1.4985047065148365	40696	82.17640554354236	82.0	14.081144011931416	1.0	415518	80.67790083702752	76.0	41.88826888340118
occ_ee25c4c865dec88b0d4ff95af1f7b230	SID530295_assembly__08f720d3f01881f2674b__98de9088	dormant	0.32929875659417485	0.9068095721167747	-1.371798756294277	15722	13.348583877995642	13.0	4.32874467739825	0.9926218038417504	12231	14.720382634289919	15.0	3.996254773203545
occ_02ac130f8dbd935bf8b0bac5922d00d5	SID530295_assembly__23d26b0b44765020257b__6dd9e400	dormant	0.010279227443942772	1.0027133340393963	0.08238682325810487	24506	30.446072997495587	30.0	7.901761693773399	0.9939198563617073	38327	30.363686174237483	30.0	8.126433237965546
occ_9dc98eb8319bbe3c68714592ef10cd13	SID530295_assembly__26428b6a10823d4365e4__10a3c20b	dormant	0.12741087884742316	0.9743935569718907	-1.501959083935013	14296	57.15355516637478	57.0	11.776581609324214	0.9985310576385003	1614	58.65551425030979	57.0	11.800029034134909
occ_ece5dc44bd4c7eaadb92f4c6ff1c977f	SID530295_assembly__d5770544f01fc840fb7b__1f3d8c16	dormant	1.0320292256811974	0.7289893467038943	-4.204459164460941	47433	11.30954042679187	11.0	4.144400841649456	0.996837644677756	4893	15.51399959125281	16.0	4.002305973058802
occ_5f3b3c1f2bb8c46cc0b1e3a6a0aa394b	SID530295_assembly__d40e217324b535026069__4f5b5b3f	dormant	0.2163936004629207	0.9659215940768247	-3.45700215404905	19038	97.9855994113628	98.0	15.0441302701819	0.9994222082151486	10732	101.44260156541185	104.0	16.85553834224702
occ_e9b011eb1689db43cb257bc2e2009a7f	SID530295_assembly__b49ecd2b0f47fffd0069__96143b09	dormant	0.6669199211927226	1.228583405024846	2.804508740452512	20804	15.073591616996731	15.0	4.434630260865698	1.0	12223	12.26908287654422	12.0	3.962434939571232
occ_e69410ffe899d21c809acae6b40b3e0f	SID530295_assembly__29a8a10d9ba92d76992a__e11bd86e	dormant	1.1214827687897495	1.8886058524951246	37.09348631483831	51759	78.83695020344895	91.0	39.69883693828252	0.9971212735949303	9983	41.74346388861064	34.0	24.737945411964382
occ_2b13ce84189b92a4bec6c2bd9753bec6	SID530295_assembly__0c303d31199b2471046c__afddb1b2	dormant	3.3275271259629373	0.43592948783629865	-31.975411967745	35456	24.711493797088313	24.0	6.014948795552503	0.99576940433213	16618	56.68690576483331	57.0	12.186060003636392
occ_8c13f230ca832dcfd5e6f286c0ad24dd	SID530295_assembly__d1a79e56ed3f0e333836__5ce7f178	dormant	0.5801174786533745	0.8467516449153367	-2.558399973888706	42325	14.13606942172274	14.0	4.02170680820397	0.9965032486709983	15586	16.694469395611446	16.0	4.767028902986455
occ_663d2a8c20542c6bdeb4d13cc2eaf26f	SID530295_assembly__b618e1ad06e1744cc27a__9d210ab9	dormant	0.053478730457022526	1.0102074376190378	0.5610481625542718	16070	55.52569095477387	56.0	9.954006959396146	0.9906658369632856	11002	54.9646427922196	55.0	11.001913725409622
occ_e7fb294bada84a234be450f5aab32f25	SID530295_assembly__d405b83ce5e2b5b0f034__b6856d8b	dormant	0.1705428930208415	1.0519766185423893	0.6690877853799648	6942	13.541948778333824	13.0	3.9422259961668753	0.9786804955344282	61594	12.872860992953859	13.0	3.9042451779297136
