votu_id	reference_id	crc_detection_n	control_detection_n	crc_detected	control_detected	crc_detection_fraction	control_detection_fraction	detection_fraction_difference	fisher_p	fisher_q_global	fisher_q_endpoint	detection_test_status	crc_abundance_n	control_abundance_n	crc_median_rpkm	control_median_rpkm	median_rpkm_difference	cliffs_delta	abundance_p	abundance_q_global	abundance_q_endpoint	abundance_test_status	abundance_permutations	has_reference_predicted_provirus	has_metagenome_predicted_provirus	has_metagenome_two_sided_host_markers	evidence_label	n_reference_provirus_occurrences	n_metagenome_provirus_occurrences	display_alias
votu_4e13d6b5f96e87ae0771	target_b7971e14c22765054614	3	2	3	2	1	1	0				not_tested_fewer_than_3_evaluable_per_group	5	5	2.316105972907783	0.0017970013155656456	2.3143089715922174	0.68	0.09523809523809523	1.0	1.0	tested_exact_two_sided_rank_permutation	252	true	false	unknown	provisional_reference_predicted_provirus_only	9	0	V01
votu_50b4033f5976e2f0e8f0	target_be5ab5a93495c1512c24	1	0	1	0	1						not_tested_fewer_than_3_evaluable_per_group	5	5	0.030947837374472344	0.008925763674026744	0.0220220737004456	0.2	0.6904761904761905	1.0	1.0	tested_exact_two_sided_rank_permutation	252	false	false	unknown	integration_unknown_viral_sequence	0	0	V02
votu_5d4e687513bc6f0c002a	target_bff8fab7a7e9cca967d2	1	0	1	0	1						not_tested_fewer_than_3_evaluable_per_group	5	5	0.08754714321901066	0.026091447473439486	0.06145569574557118	0.44	0.30952380952380953	1.0	1.0	tested_exact_two_sided_rank_permutation	252	false	false	unknown	integration_unknown_viral_sequence	0	0	V03
votu_da5f095bd4d3e9294192	target_f8916edbea8a40e337fb	0	1	0	1		1					not_tested_fewer_than_3_evaluable_per_group	5	5	0.05186970374571556	0.015567306066891821	0.03630239767882374	0.04	1.0	1.0	1.0	tested_exact_two_sided_rank_permutation	252	false	true	false	provisional_metagenome_predicted_provirus	0	1	V04
votu_eaa783493ad7425f8bea	target_af341337376a9d0f6842	0	2	0	2		1					not_tested_fewer_than_3_evaluable_per_group	5	5	0.053004970871077015	1.0365486502349703	-0.9835436793638933	-0.92	0.015873015873015872	1.0	0.9384920634920635	tested_exact_two_sided_rank_permutation	252	false	true	unknown	provisional_metagenome_predicted_provirus	0	1	V05
votu_b8042d70c258be80167e	target_3857e0b056bd75657f3e	4	2	3	2	0.75	1	-0.25				not_tested_fewer_than_3_evaluable_per_group	5	5	0.6687338888186972	0.1659021042910095	0.5028317845276877	-0.12	0.8412698412698413	1.0	1.0	tested_exact_two_sided_rank_permutation	252	false	false	unknown	integration_unknown_viral_sequence	0	0	V06
votu_0265981852b1a695c65a	target_adabb5403bee053d1511	5	5	4	4	0.8	0.8	0.0	1.0	1.0	1.0	tested_fisher_two_sided	5	5	0.6796610263600076	0.9293048570566985	-0.24964383069669094	-0.12	0.8412698412698413	1.0	1.0	tested_exact_two_sided_rank_permutation	252	false	false	unknown	integration_unknown_viral_sequence	0	0	V07
votu_1423b67460f9215adb60	target_d7e93ab8fb765fd374f8	5	5	5	2	1	0.4	0.6	0.16666666666666666	1.0	1.0	tested_fisher_two_sided	5	5	1.2906978144505392	0.083249236833289	1.2074485776172503	0.44	0.30952380952380953	1.0	1.0	tested_exact_two_sided_rank_permutation	252	false	false	unknown	integration_unknown_viral_sequence	0	0	V08
votu_7c5237d5ddd7c425cd90	target_9c44e9b7e86c7c177a3a	5	5	3	4	0.6	0.8	-0.20000000000000007	1.0	1.0	1.0	tested_fisher_two_sided	5	5	0.7065595109912929	1.1881260426899753	-0.48156653169868247	-0.36	0.42063492063492064	1.0	1.0	tested_exact_two_sided_rank_permutation	252	false	true	false	provisional_metagenome_predicted_provirus	0	1	V09
votu_992b0ef69d6f3508184b	target_5139d056f5b6632c66ea	4	5	3	3	0.75	0.6	0.15000000000000002	1.0	1.0	1.0	tested_fisher_two_sided	5	5	0.5597480383978608	0.8735146800425941	-0.31376664164473334	-0.12	0.8412698412698413	1.0	1.0	tested_exact_two_sided_rank_permutation	252	false	false	unknown	integration_unknown_viral_sequence	0	0	V10
votu_a05d6257fab9f6f1c275	target_b896f9e613c7889be7d5	2	1	2	0	1	0	1				not_tested_fewer_than_3_evaluable_per_group	5	5	0.0473580606162136	0.06495500442137764	-0.017596943805164036	0.04	1.0	1.0	1.0	tested_exact_two_sided_rank_permutation	252	false	true	true	provisional_metagenome_provirus_with_caller_flank_markers	0	1	V11
votu_b613d4ae9691860b9c75	target_c9acc57ca65510569815	1	2	1	1	1	0.5	0.5				not_tested_fewer_than_3_evaluable_per_group	5	5	0.2134117835797807	0.05107404118731563	0.16233774239246507	0.28	0.5476190476190477	1.0	1.0	tested_exact_two_sided_rank_permutation	252	false	false	unknown	integration_unknown_viral_sequence	0	0	V12
votu_f336ae5086066a73a2d0	target_9e0ef13bb383744f1943	5	5	3	3	0.6	0.6	0.0	1.0	1.0	1.0	tested_fisher_two_sided	5	5	0.3554735053478214	3.267558853076201	-2.9120853477283797	-0.04	1.0	1.0	1.0	tested_exact_two_sided_rank_permutation	252	false	false	unknown	integration_unknown_viral_sequence	0	0	V13
votu_f4e436972332597c4c13	target_1d3e70dba9611c77185b	5	5	2	4	0.4	0.8	-0.4	0.5238095238095238	1.0	1.0	tested_fisher_two_sided	5	5	0.1668918250747005	1.7141411388763366	-1.547249313801636	-0.36	0.42063492063492064	1.0	1.0	tested_exact_two_sided_rank_permutation	252	false	true	false	provisional_metagenome_predicted_provirus	0	1	V14
votu_1135ad739960faadb914	target_bd159e582699c7900028	2	0	1	0	0.5						not_tested_fewer_than_3_evaluable_per_group	5	5	0.002391939517206418	0.013072421007931274	-0.010680481490724857	0.04	1.0	1.0	1.0	tested_exact_two_sided_rank_permutation	252	false	true	false	provisional_metagenome_predicted_provirus	0	1	V15
votu_1391ca47df19bbb20775	target_2a09be684f660bd1966f	1	1	0	1	0	1	-1				not_tested_fewer_than_3_evaluable_per_group	5	5	0.008376765537503028	0.24833521782404616	-0.23995845228654314	-0.68	0.09523809523809523	1.0	1.0	tested_exact_two_sided_rank_permutation	252	false	true	false	provisional_metagenome_predicted_provirus	0	1	V16
