contig	alignment_records	missing_NM	strict_records
SID532796_assembly__76787ad27533f60ef368__b19498cc	13746	0	13426
SID532796_assembly__2c096bf4c2b97627cd67__62f36e3a	4475	0	4277
SID532796_assembly__76a660e3fd3043c24628__0193ef90	10063	0	9921
SID532796_assembly__49c557112a6590aeb08c__7fa80206	62046	0	60173
SID532796_assembly__bcaa43883bdacc29b7dc__ce593a70	7811	0	7704
SID532796_assembly__9dddc0f9f9304be133e2__4590c28d	6758	0	6133
SID532796_assembly__70cb5299b84011b08391__671b0e93	15583	0	15273
SID532796_assembly__dabe7c7f41dfcf489018__e0eb0786	6385	0	6267
SID532796_assembly__cb575758664f4c5c852e__8f68215c	10067	0	9933
SID532796_assembly__bb7942fb13cf47e965b8__d137c897	43235	0	42735
SID532796_assembly__9c0832440738bf1cee4c__747fa12a	160158	0	158004
SID532796_assembly__c823f3f23de9acdf3f73__69cce04e	2506	0	2298
SID532796_assembly__c093bb0f2df3658a8cdb__2e421ae7	636	0	620
SID532796_assembly__04ed6fd0525e0e95ef2e__9dc003e1	4141	0	3827
SID532796_assembly__614b9eb949c98b513be8__fcc10501	1084	0	1043
SID532796_assembly__b138e3262e565b7356b2__b0e85069	2521	0	2483
SID532796_assembly__beb57076124d1c990a5d__ae151a92	4763	0	4629
SID532796_assembly__e540bab87255a7ce997e__d59e1960	5886	0	5810
SID532796_assembly__1494e78e197c37dd040c__aae221b4	51479	0	50909
SID532796_assembly__fb839d80b08b4d7e8015__56a23d9e	15860	0	15224
SID532796_assembly__4cc787f92a5322fb7695__bfc25dfd	8927	0	8637
SID532796_assembly__019a2ef449f95919fa09__0bb7456c	33672	0	32045
SID532796_assembly__bcf1ab0e9cf834286f71__48de6ea1	3916	0	3812
SID532796_assembly__3bc31e72c3e23da61a28__d93b6ad6	67694	0	66850
SID532796_assembly__4803c51e4bc14d1166c6__76c42df6	4904	0	4832
SID532796_assembly__df4d04d99be64b205172__18f3448a	21677	0	21429
SID532796_assembly__5a9ab3d518ae0ea00ed3__a92ecd41	76324	0	74674
SID532796_assembly__f080051141fb497791ab__5310bb01	30258	0	29779
SID532796_assembly__2f157c38ff55826bc2df__1cfdbe3a	979	0	953
SID532796_assembly__8c7211f73638bf9c2900__0a7aa0bb	4970	0	4855
SID532796_assembly__739cb056934ba1e69b85__0a6afb9e	1671	0	1597
SID532796_assembly__cd80a050577939ce5ffb__200118de	30688	0	30454
SID532796_assembly__208e1617e6720cbaa527__78466bbd	14382	0	14169
SID532796_assembly__45c262551d42d3c1e768__b9d38497	4712	0	4654
SID532796_assembly__1f541fb5a36ce75c0806__440a45c4	63352	0	62483
SID532796_assembly__df62819bf48320f841c0__42a6af34	5808	0	5725
SID532796_assembly__4bea35588996fab32da2__6ff97049	4688	0	4576
SID532796_assembly__41129f85783982c5864b__e992f485	7331	0	7043
SID532796_assembly__82f73241c75c715cd56b__dab5e406	9776	0	9639
SID532796_assembly__895569a54f122f0e09b1__5a40965d	14795	0	14062
SID532796_assembly__37163c851006b11b54f7__de7ff694	7701	0	7194
SID532796_assembly__9115ab29677d9a9b4fe1__4da392a3	49425	0	48900
SID532796_assembly__fdf4e0de8aa727607907__827b7064	6041	0	5985
SID532796_assembly__c64db2d6bce736f3e9b7__d4df78ea	1086	0	1059
SID532796_assembly__a82e6d74f2b33855ea90__8db3ef7e	51307	0	49863
SID532796_assembly__1fb69a711aba28917bbf__d1b6dba8	5555	0	5461
SID532796_assembly__789e1d2c9b702368b422__45d621aa	636424	0	619872
SID532796_assembly__8ee26c4aa6de9b149901__c38874bf	7839	0	7473
SID532796_assembly__f6429aef5048996fbe62__38325cbe	1992	0	1864
SID532796_assembly__a5c0546d0514405e043e__ec7aabf9	7598	0	6962
SID532796_assembly__659e5f015ada9d93cc1a__de00e232	8648	0	8510
SID532796_assembly__529485422b897c81ea50__c259bc0a	8854	0	8717
SID532796_assembly__bdd70aed6eb61b456164__513703fc	3635	0	3454
SID532796_assembly__5bf2901250167cf1905f__a835b985	20457	0	19710
SID532796_assembly__6304fef59b420961dc16__94f1f897	17648	0	17329
SID532796_assembly__2f5577f64fe4434cc5b0__38e65b2a	10554	0	10347
SID532796_assembly__f5ddfa55ba3af96643e5__8370b64d	21074	0	20169
SID532796_assembly__ef205b91005ff8655bb8__6c82ae3a	1208	0	1177
SID532796_assembly__bcadf189ed736cdc74bc__ab88d98b	16033	0	15875
SID532796_assembly__62232448de62887eaf91__aa2706bb	3317	0	3266
SID532796_assembly__ebdbb6e8b4c798121250__0e3a6674	6104	0	5994
SID532796_assembly__45b125380d2ccb24fe84__1bd91d0a	38309	0	37884
SID532796_assembly__fcaa31bec80984aafd25__7177d02e	11564	0	11412
SID532796_assembly__12cedbd851e9f18afec4__7e56c20f	2580	0	2464
SID532796_assembly__2a9cb543636b55bed078__a4dbe757	22441	0	21731
