scaffold	fragment	start	stop
SID31866_assembly__e2c0252f375baf098b22__27f5bc65	occ_0647a21c2bb46999ce249e0942af2f5c	32473	214348
SID31866_assembly__fc0d93fc340937037a91__3130b7f8	occ_06e1aa5535cdc689755656b18b138b30	27803	38260
SID31866_assembly__e8fe964f9a6afbd0cbf8__4a4c9d89	occ_088f3ee4e34d4ab4fdfb716656cdb17a	912	15450
SID31866_assembly__4e6c0c0b8d426795fa30__64a55b96	occ_08e996accf5fe836e10b466c1a435239	50133	110854
SID31866_assembly__464d815ff7a91dcaec8f__7c57b92a	occ_1e2c0b8cf7cfc34f6356dfac5b553228	84038	90852
SID31866_assembly__0965de36c26d70704cf3__8bffe0d8	occ_1ef539aa64d0db3f19bedb321d3cef67	46346	99789
SID31866_assembly__f8656c8eeab5848567f4__ae48d9e0	occ_28521f705be63c673758342c9309fff5	67453	120929
SID31866_assembly__dad5898c378be8c288bc__af3c6105	occ_319f6b5614d6f7934d7fe94d383c8e6e	28455	60774
SID31866_assembly__cfbb639475442cd70f4c__8ecaef25	occ_32f505f993fd1c24ec2d7d928cde7c40	57392	92012
SID31866_assembly__a7c3b7437e17920163d7__fd32f22c	occ_35285f11bdbaed265ddd48b52082f422	25711	30225
SID31866_assembly__37beb973ba53237b5a6c__afbd3a90	occ_36f6f9570c9d1d4fe48a421c75c63b38	3238	21298
SID31866_assembly__ad69685f88ee9fc9a8f0__31437a04	occ_399ed51227815328e29539054d9777b3	174	10594
SID31866_assembly__4fcd13c9ce935675b640__42e8fe04	occ_3d80c45bac2182785209f75b4723848f	10541	53526
SID31866_assembly__a3c5a916675f8846be60__1ad3801b	occ_3ec4bc261b401a61552792289c9bd2bb	1	33809
SID31866_assembly__397e32629ac77551c8b9__33317e98	occ_433a90f0237a5f56eca6991cff136839	71452	93604
SID31866_assembly__43d686d73b316c008052__6c8972de	occ_433d0d6fefa4f8fce8fddc52966552e3	6367	16605
SID31866_assembly__f778cafc5110059b7a09__755f0c76	occ_441d6e43d40fdd34828bdac5738e325e	180	22950
SID31866_assembly__cffd018c69656dbea799__cf0ba50f	occ_45ae9e7c2fedf3e75ff85ea97b893768	2	49729
SID31866_assembly__054817cf088e60e62332__bd0463e8	occ_485d1a053e78bb015678b873ff390950	83103	99595
SID31866_assembly__be0e222c8252b693c02f__9ad455f7	occ_4f49a517fba2d53cf725563092ceb586	2	38114
SID31866_assembly__fe0b049b5cce418e55dc__11c95392	occ_52f671e7a4822a010bf9a78e8524ee80	1	17009
SID31866_assembly__d924c70baf430a876b65__36bbdec2	occ_53c8054b48317d80b41d0b78485ea0b0	1	9099
SID31866_assembly__8a69536972ddc82d0c94__9efa82e1	occ_57609284db1195ce6be650bf52c9741c	4409	32481
SID31866_assembly__1ebf86c834c02e87b7a8__8cd5e906	occ_5c932a5c1b93ae7b8bb41115556cb636	1	7523
SID31866_assembly__b49ff2596b7a88983f03__5d374c12	occ_69c786a6b189566f2705e6730074835a	571	13047
SID31866_assembly__dbea0993c6c5001075f5__3d42695d	occ_75cf385d815bf4f5467b1bdaa78ace62	471	31392
SID31866_assembly__65ce722a1ce9936f2acd__d3cfd775	occ_8bbba373337eacd4eb0ff4b113f6064d	52349	100978
SID31866_assembly__1bc407a8b7c0ce715a18__c2fbde93	occ_8f325b027b4da3f92d2561774c7e90f7	88685	120758
SID31866_assembly__0c793cd965e2866984ab__218d5608	occ_9171ae701619037a82f8a2556f90e948	14742	30066
SID31866_assembly__d930bcec802d7c78ca1d__dc52e934	occ_9c851f2646ce6b422e2a9ab53dc29aef	546	17646
SID31866_assembly__cc5372d12120d018f347__890f0f35	occ_a13589f9c4e102a714abc24308d7213b	3	13917
SID31866_assembly__1bc407a8b7c0ce715a18__c2fbde93	occ_ab9670c12324c37f08baa8021dba9f1e	2	76613
SID31866_assembly__c32b342cf30150edab20__7f13d7d8	occ_b0bc4616ac0e05057b57241a0a504557	6905	16762
SID31866_assembly__cffb345e0e491efe5e55__2400ae5b	occ_b6f80117afe41dd8a49081c322dfdb22	747	32042
SID31866_assembly__6e98fb15d4a9a87f285f__222421f5	occ_bb6931869b4ac0bc1b5e8154e66dd15c	188573	224987
SID31866_assembly__3414e9500a2e3309f62c__c8941e4f	occ_c01ddcfe44f36bf74e6640e9d303d57d	74797	122859
SID31866_assembly__a77c837885b6900b5722__32255d0e	occ_c5edeafd4cfd95855d11adf718b4dcee	191824	235242
SID31866_assembly__fb8b8ee16dd7bd41790a__81dd84ab	occ_cf35b508216ae63b5a6721f624b4d25c	206504	244165
SID31866_assembly__02a0d2279862a53ff3c0__c9a21152	occ_da117d7e360981708199ec485c32ba3f	42472	80197
SID31866_assembly__f66e57058e9d89b71622__66b8553c	occ_e290e891d597cb260f0ae17bf59b6c8d	71764	92057
SID31866_assembly__ac3bd8a66f44a53cc803__515cc05b	occ_ec087d760c90c0813e78285d705f9746	84565	105285
SID31866_assembly__451028d7034ac294e7a3__25312064	occ_ef8f422355de5fd7ba8ed3fa35544663	75217	121573
SID31866_assembly__66c9408cbbbf98fd9f91__b15b93ab	occ_f92492a71ad1ec488cdad9706ee5df28	21526	27581
SID31866_assembly__420e83e9b4acdd6221e3__3503df14	occ_febed5ba444db1a0aa651ebc69542dcc	105	13140
